0	No.
1	Buy-from Vendor No.
2	Buy-from Vendor Name
3	Purchase Type
4	Department Code
5	Section
6	Purch. Type
7	Purch. Type Description
8	Vendor Authorization No.
9	Location Code
10	Assigned User ID
11	Document Date
12	Status
13	Purchaser Code
14	Amount
15	Amount Including VAT
16	Vendor Order No.
17	PO2024010002
18	SUP24-237
19	บริษัท อีฟ ไลท์ติ้ง  จำกัด
20	Domestic
21	
22	Released
23	PO2024010003
24	SUP24-227
25	บริษัท แสงชัยไลท์ติ้ง  จำกัด
26	WD
27	PO2024010004
28	WB
29	PO2024010006
30	SUP24-201
31	บริษัท วิชชุกรเอ็นเตอร์ไพรส์  จำกัด
32	SK
33	PO2024010007
34	SUP24-212
35	บริษัท สตาร์ไลท์ติ้ง  จำกัด
36	PO2024010008
37	SUP24-207
38	บริษัท วินสตาร์คอร์ป  จำกัด
39	RK
40	PO2024010009
41	SUP24-266
42	บริษัท อ.ไฟฟ้าพาณิชย์  จำกัด
43	PO2024010010
44	JK
45	PO2024010011
46	PO2024010012
47	SUP24-132
48	บริษัท เพมโก้ อินเตอร์ไลท์  จำกัด
49	PO2024010013
50	PO2024010014
51	PO2024010015
52	PO2024010016
53	SUP24-165
54	บริษัท ไมตี้ อีเลคทริค (ไทยแลนด์) จำกัด
55	PJ
56	PO2024010017
57	PO2024010018
58	SUP24-017
59	บริษัท เครื่องไฟฟ้าบุญธนาภัณฑ์  จำกัด
60	PO2024010019
61	PO2024010020
62	SUP24-078
63	บริษัท เทราไบร้ท์  จำกัด
64	PO2024010021
65	PO2024010022
66	SUP24-282
67	บริษัท เอพี สมาร์ท  จำกัด
68	NB
69	PO2024010023
70	SUP24-198
71	บริษัท ไลท์ติ้ง เวิลด  จำกัด
72	OS
73	PO2024010024
74	PO2024010025
75	PO2024010026
76	SUP24-158
77	ห้างหุ้นส่วนจำกัด ภัทร สตีลเซ็นเตอร์ 
78	PO2024010027
79	SUP24-295
80	บริษัท อัลฟา ดีล  จำกัด
81	TS
82	PO2024010028
83	SUP24-097
84	บริษัท ธีระมงคล อุตสาหกรรม จำกัด
85	TY
86	PO2024010029
87	PO2024010030
88	SUP24-176
89	ห้างหุ้นส่วนจำกัด รุ่งกิจไพศาล
90	PO2024010031
91	YM
92	PO2024010032
93	PO2024010033
94	PO2024010034
95	SUP24-332
96	บริษัท ศศิมาศรีสว่าง จำกัด
97	AS
98	PO2024010035
99	SUP24-277
100	บริษัท แอล ที เอ็น ไล้ท์ติ้ง กรุ๊ป  จำกัด
101	PO2024010036
102	PO2024010037
103	PS-01
104	PO2024010038
105	PO2024010039
106	SUP24-185
107	บริษัท ไลท์ติ้ง แอนด์ อีควิปเมนท์ จำกัด (มหาชน)
108	PO2024010040
109	SUP24-121
110	บริษัท ไบโอ เอนเนอจีส์ กรุ๊ป 168 จำกัด
111	PO2024010041
112	PO2024010042
113	PO2024010043
114	SUP24-098
115	บริษัท ธนกิตติ์การไฟฟ้า  จำกัด
116	KD
117	PO2024010044
118	SUP24-038
119	บริษัท โชติธนา อิมปอร์ต เอ็กซ์ปอร์ต  จำกัด
120	PO2024010045
121	PO2024010046
122	PO2024010048
123	SUP24-102
124	บริษัท นายน์ ไลท์ติ้ง จำกัด
125	OF
126	PO2024010049
127	PO2024010050
128	PO2024010051
129	SUP24-066
130	บริษัท ต.ไพศาลเอ็นจิเนียริ่งกรุ๊พ  จำกัด
131	PO2024010054
132	PO2024010056
133	PO2024010057
134	PO2024010058
135	PO2024010059
136	SUP24-256
137	บริษัท อีสออน อิมปอร์ต-เอ็กซ์ปอร์ต  จำกัด
138	PO2024010060
139	PO2024010061
140	PO2024010062
141	PO2024010063
142	PO2024010064
143	PO2024010065
144	PO2024010066
145	PO2024010067
146	PO2024010068
147	PO2024010069
148	PO2024010071
149	PO2024010072
150	PO2024010073
151	SUP24-211
152	บริษัท ส.สว่างชัย ไลท์ติ้ง  จำกัด
153	PO2024010074
154	PO2024010075
155	PO2024010077
156	PO2024010078
157	SUP24-196
158	บริษัท ไลท์ติ้ง ทูเดย์ จำกัด
159	PO2024010079
160	PO2024010080
161	PO2024010081
162	SUP24-046
163	บริษัท ซี-ทีแอล คอร์ปอเรชั่น  จำกัด
164	PO2024010082
165	PO2024010083
166	PO2024010084
167	PO2024010085
168	PO2024010086
169	PO2024010087
170	PO2024010088
171	PO2024010089
172	PO2024010090
173	PO2024010091
174	SUP24-153
175	บริษัท ไฟฟ้าจิระไทยพาณิชย์  จำกัด
176	PO2024010092
177	PO2024010093
178	PO2024010094
179	PO2024010095
180	SUP24-041
181	บริษัท ซีวิลมาสเตอร์  จำกัด
182	PO2024010096
183	PO2024010097
184	PO2024010098
185	PO2024010099
186	PO2024010100
187	PO2024010101
188	PO2024010102
189	PO2024010103
190	SUP24-289
191	บริษัท เอสพีพี คอนกรีต ทรัพย์ทวี  จำกัด
192	PO2024010105
193	PO2024010106
194	PO2024010107
195	PO2024010108
196	PO2024010109
197	PO2024010110
198	PO2024010111
199	PO2024010112
200	AO
201	PO2024010113
202	PO2024010114
203	PO2024010115
204	PO2024010116
205	PO2024010117
206	PO2024010118
207	PO2024010119
208	PO2024010120
209	PO2024010121
210	PO2024010122
211	PO2024010123
212	PO2024010124
213	SUP24-086
214	บริษัท ทีเอ็นกรุ๊ป คอร์ปอเรชั่น  จำกัด
215	PO2024010125
216	PO2024010126
217	PO2024010127
218	PO2024010128
219	PO2024010131
220	SC
221	PO2024010132
222	PO2024010133
223	SUP24-085
224	บริษัท ทีมเซฟตี้เซลส์  จำกัด
225	PO2024010134
226	PO2024010135
227	SUP24-025
228	บริษัท เจ.ซี. อินเตอร์มาร์เก็ตติ้ง  จำกัด
229	PO2024010136
230	PO2024010137
231	PO2024010138
232	PO2024010139
233	PO2024010140
234	PO2024010141
235	PO2024010142
236	PO2024010143
237	PO2024010144
238	PO2024010145
239	PO2024010146
240	PO2024010147
241	PO2024010148
242	PO2024010149
243	CC
244	PO2024010150
245	PO2024010151
246	SUP24-057
247	บริษัท เดอะ วัน ไลท์ติ้ง  จำกัด
248	PO2024010152
249	PO2024010153
250	PO2024010154
251	PO2024010155
252	PO2024010156
253	PO2024010157
254	PO2024010158
255	PO2024010159
256	PO2024010160
257	PO2024010161
258	PO2024010162
259	PO2024010163
260	PO2024010164
261	SUP24-264
262	บริษัท เอ็ม แอล ไลท์  จำกัด
263	PO2024010165
264	SUP24-145
265	บริษัท แพน-เอเชีย เคเบิ้ล  จำกัด
266	PO2024010166
267	PO2024010167
268	PO2024010168
269	PO2024010169
270	PO2024010170
271	PO2024010171
272	PO2024010172
273	PO2024010173
274	General
275	Open
276	PO2024010174
277	PO2024010175
278	PO2024010176
279	PO2024010178
280	SUP24-186
281	บริษัท แลมป์ตั้น ไลท์ติ้ง (2001)  จำกัด
282	PO2024010179
283	PO2024010180
284	PO2024010181
285	PO2024010182
286	PO2024010183
287	PO2024010184
288	PO2024010185
289	PO2024010186
290	PO2024010187
291	PO2024010188
292	PO2024010189
293	PO2024010190
294	PO2024010191
295	PO2024010192
296	PO2024010193
297	PO2024010194
298	PO2024010195
299	PO2024010196
300	PO2024010197
301	PO2024010198
302	PO2024010199
303	PO2024010200
304	PO2024010201
305	PO2024010202
306	PO2024010203
307	PO2024010204
308	PO2024010205
309	SUP24-036
310	บริษัท ช.รุ่งแสงไลท์ติ้ง  จำกัด
311	PO2024010206
312	PO2024010207
313	PO2024010208
314	PO2024010209
315	PO2024010210
316	PO2024010211
317	PO2024010212
318	PO2024010213
319	PO2024010214
320	SUP24-001
321	บริษัท เกาหยาง อิเลคทริค  จำกัด
322	PO2024010215
323	PO2024010216
324	PO2024010217
325	PO2024010218
326	PO2024010219
327	PO2024010220
328	PO2024010221
329	SUP24-127
330	บริษัท ปาจารา  จำกัด
331	PO2024010222
332	PO2024010223
333	PO2024010225
334	PO2024010226
335	PO2024010227
336	PO2024010228
337	PO2024010229
338	PO2024010230
339	PO2024010231
340	PO2024010232
341	PO2024010233
342	PO2024010234
343	PO2024010235
344	PO2024010237
345	PO2024010238
346	PO2024010239
347	PO2024010240
348	PO2024010241
349	PO2024010242
350	PO2024010243
351	PO2024010244
352	PO2024010245
353	PO2024010246
354	PO2024010247
355	PO2024010248
356	PO2024010249
357	PO2024010250
358	PO2024010251
359	PO2024010252
360	PO2024010253
361	PO2024010254
362	PO2024010255
363	PO2024010256
364	PO2024010257
365	PO2024010258
366	PO2024010259
367	PO2024010260
368	PO2024010261
369	PO2024010262
370	PO2024010263
371	PO2024010264
372	PO2024010265
373	PO2024010266
374	PO2024010267
375	PO2024010268
376	PO2024010269
377	PO2024010270
378	PO2024010271
379	BJ
380	PO2024010272
381	PO2024010273
382	PO2024010275
383	PO2024010276
384	PO2024010277
385	PO2024010278
386	PO2024010279
387	PO2024010280
388	PO2024010281
389	PO2024010282
390	PO2024010283
391	PO2024010284
392	PO2024010285
393	PO2024010286
394	PO2024010287
395	PO2024010288
396	PO2024010289
397	PO2024010290
398	PO2024010291
399	PO2024010292
400	PO2024010293
401	PO2024010294
402	PO2024010295
403	PO2024010296
404	PO2024010297
405	PO2024010298
406	PO2024010299
407	PO2024010300
408	PO2024010301
409	PO2024010302
410	PO2024010303
411	PO2024010304
412	PO2024010305
413	SUP24-328
414	Zhongshan Zhongqian Intelligent Electrical Technology
415	PO2024010306
416	PO2024020001
417	PT
418	PO2024020002
419	SUP24-160
420	ห้างหุ้นส่วนจำกัด ภัทรสิน
421	PO2024020003
422	PO2024020004
423	PO2024020005
424	PO2024020006
425	PO2024020007
426	PO2024020008
427	PO2024020009
428	PO2024020010
429	SUP24-260
430	บริษัท แอล.เอ็กซ์. อีเล็คโทรนิคส์  จำกัด
431	PO2024020011
432	PO2024020012
433	PO2024020013
434	PO2024020014
435	PO2024020015
436	PO2024020016
437	PO2024020017
438	PO2024020018
439	PO2024020019
440	PO2024020020
441	PO2024020021
442	PO2024020022
443	PO2024020023
444	PO2024020024
445	PO2024020025
446	SUP24-116
447	บริษัท บางกอก บี.พี.ไปป์  จำกัด
448	PO2024020026
449	PO2024020027
450	PO2024020028
451	PO2024020029
452	PO2024020030
453	PO2024020031
454	PO2024020032
455	PO2024020033
456	PO2024020034
457	PO2024020035
458	PO2024020036
459	PO2024020037
460	PO2024020038
461	PO2024020039
462	PO2024020040
463	PO2024020041
464	PO2024020042
465	PO2024020043
466	PO2024020044
467	PO2024020045
468	PO2024020046
469	PO2024020047
470	PO2024020048
471	PO2024020049
472	PO2024020050
473	PO2024020051
474	PO2024020052
475	PO2024020053
476	PO2024020054
477	PO2024020055
478	PO2024020056
479	PO2024020057
480	PO2024020058
481	PO2024020059
482	PO2024020060
483	PO2024020061
484	PO2024020062
485	PO2024020063
486	PO2024020064
487	PO2024020065
488	PO2024020066
489	PO2024020067
490	PO2024020068
491	PO2024020069
492	PO2024020070
493	PO2024020071
494	PO2024020072
495	PO2024020073
496	PO2024020074
497	PO2024020075
498	PO2024020076
499	PO2024020077
500	PO2024020078
501	PO2024020079
502	PO2024020080
503	PO2024020081
504	PO2024020082
505	PO2024020083
506	PO2024020084
507	PO2024020085
508	PO2024020086
509	PO2024020087
510	PO2024020088
511	PO2024020089
512	PO2024020090
513	PO2024020091
514	PO2024020092
515	PO2024020093
516	PO2024020094
517	PO2024020095
518	PO2024020096
519	PO2024020097
520	PO2024020098
521	PO2024020099
522	PO2024020100
523	PO2024020101
524	PO2024020102
525	PO2024020103
526	SUP24-168
527	บริษัท มอริตี  จำกัด
528	PO2024020104
529	PO2024020105
530	PO2024020106
531	PO2024020107
532	PO2024020108
533	PO2024020109
534	PO2024020110
535	PO2024020111
536	PO2024020112
537	PO2024020113
538	PO2024020114
539	PO2024020115
540	PO2024020116
541	PO2024020117
542	PO2024020118
543	PO2024020119
544	PO2024020120
545	PO2024020121
546	PO2024020122
547	PO2024020123
548	PO2024020124
549	PO2024020125
550	PO2024020126
551	PO2024020127
552	PO2024020128
553	PO2024020129
554	PO2024020130
555	PO2024020131
556	PO2024020132
557	PO2024020133
558	PO2024020134
559	PO2024020135
560	PO2024020136
561	PO2024020137
562	PO2024020138
563	PO2024020139
564	PO2024020140
565	PO2024020141
566	PO2024020142
567	PO2024020143
568	PO2024020144
569	PO2024020145
570	PO2024020146
571	PO2024020147
572	PO2024020148
573	PO2024020149
574	PO2024020150
575	PO2024020151
576	PO2024020152
577	SUP24-082
578	บริษัท ไทยยูเนี่ยนไวร์  จำกัด
579	PO2024020153
580	PO2024020154
581	PO2024020155
582	PO2024020156
583	PO2024020157
584	PO2024020158
585	PO2024020159
586	PO2024020160
587	PO2024020161
588	PO2024020162
589	PO2024020163
590	PO2024020164
591	PO2024020165
592	PO2024020166
593	PO2024020167
594	PO2024020168
595	PO2024020169
596	PO2024020170
597	PO2024020171
598	PO2024020172
599	PO2024020173
600	PO2024020174
601	SUP24-202
602	บริษัท วุ้ยล้ง ไลท์ติ้ง  จำกัด
603	PO2024020175
604	PO2024020176
605	PO2024020177
606	PO2024020178
607	PO2024020179
608	PO2024020180
609	PO2024020181
610	PO2024020182
611	PO2024020183
612	PO2024020184
613	PO2024020185
614	PO2024020186
615	PO2024020187
616	PO2024020188
617	PO2024020189
618	PO2024020190
619	PO2024020191
620	PO2024020192
621	PO2024020193
622	PO2024020194
623	PO2024020195
624	PO2024020196
625	PO2024020197
626	PO2024020198
627	PO2024020199
628	PO2024020200
629	PO2024020201
630	PO2024020202
631	PO2024020203
632	PO2024020204
633	PO2024020205
634	PO2024020206
635	PO2024020207
636	SUP24-219
637	บริษัท แสงใหม่การไฟฟ้า  จำกัด
638	PO2024020208
639	PO2024020209
640	PO2024020210
641	PO2024020211
642	SUP24-311
643	บริษัท ไฮไลท์ อิเล็กทรอนิกส์  จำกัด
644	PO2024020212
645	PO2024020213
646	PO2024020214
647	SUP24-071
648	บริษัท ที. เจ. เค. ซัพพลายส์  จำกัด
649	PO2024020215
650	PO2024020216
651	PO2024020217
652	PO2024020218
653	PO2024020219
654	PO2024020220
655	PO2024020221
656	PO2024020222
657	PO2024020223
658	PO2024020224
659	PO2024020225
660	PO2024020226
661	PO2024020228
662	PO2024020229
663	PO2024020230
664	PO2024020231
665	PO2024020232
666	PO2024020233
667	PO2024020234
668	PO2024020235
669	PO2024020236
670	PO2024020237
671	PO2024020238
672	PO2024020239
673	PO2024020240
674	PO2024020241
675	PO2024020242
676	PO2024020243
677	PO2024020244
678	PO2024020245
679	PO2024020246
680	PO2024020247
681	PO2024020248
682	PO2024020249
683	PO2024020250
684	PO2024020251
685	PO2024020252
686	PO2024020253
687	PO2024020254
688	PO2024020255
689	PO2024020257
690	PO2024020258
691	PO2024020259
692	PO2024020260
693	PO2024020261
694	SUP24-364
695	บริษัท ไมโคร เพาเวอร์ (ไทย) จำกัด
696	SS
697	PO2024020262
698	PO2024020263
699	PO2024020264
700	PO2024020265
701	PO2024020266
702	PO2024020267
703	PO2024020268
704	PO2024020269
705	PO2024020270
706	SUP24-234
707	บริษัท สว่างศิลป์ อุตสาหกรรม  จำกัด
708	PO2024020271
709	PO2024020272
710	PO2024020273
711	PO2024020274
712	PO2024020275
713	PO2024020276
714	PO2024020277
715	PO2024020278
716	PO2024020279
717	PO2024020280
718	PO2024020281
719	PO2024020283
720	PO2024020284
721	PO2024020285
722	PO2024020286
723	PO2024020287
724	PO2024020288
725	PO2024020289
726	PO2024020290
727	PO2024020291
728	PO2024020292
729	PO2024020293
730	PO2024020294
731	PO2024020295
732	PO2024020296
733	PO2024020297
734	PO2024020298
735	PO2024020299
736	PO2024020300
737	PO2024020301
738	PO2024020302
739	PO2024020304
740	PO2024020305
741	PO2024020306
742	PO2024020307
743	PO2024020308
744	PO2024020309
745	PO2024020310
746	PO2024030001
747	PO2024030002
748	PO2024030003
749	PO2024030004
750	PO2024030005
751	PO2024030006
752	PO2024030008
753	PO2024030009
754	PO2024030010
755	PO2024030011
756	PO2024030012
757	PO2024030013
758	PO2024030014
759	PO2024030015
760	PO2024030016
761	PO2024030017
762	PO2024030018
763	PO2024030019
764	PO2024030020
765	PO2024030021
766	PO2024030022
767	PO2024030023
768	PO2024030024
769	PO2024030025
770	PO2024030026
771	PO2024030027
772	PO2024030029
773	PO2024030030
774	PO2024030032
775	PO2024030033
776	PO2024030034
777	PO2024030035
778	PO2024030036
779	PO2024030037
780	PO2024030038
781	PO2024030039
782	PO2024030040
783	PO2024030041
784	PO2024030042
785	PO2024030043
786	PO2024030044
787	PO2024030045
788	PO2024030046
789	PO2024030047
790	PO2024030048
791	PO2024030049
792	PO2024030050
793	PO2024030051
794	PO2024030052
795	PO2024030053
796	PO2024030054
797	PO2024030055
798	PO2024030056
799	PO2024030057
800	PO2024030058
801	PO2024030060
802	PO2024030062
803	PO2024030063
804	PO2024030064
805	PO2024030065
806	PO2024030066
807	PO2024030067
808	PO2024030068
809	PO2024030069
810	PO2024030070
811	PO2024030071
812	PO2024030072
813	PO2024030073
814	PO2024030074
815	PO2024030075
816	PO2024030076
817	PO2024030077
818	SUP24-366
819	บริษัท อิเล็คโทรนิก ไลท์ติ้ง จำกัด
820	PO2024030080
821	PO2024030081
822	PO2024030082
823	PO2024030083
824	PO2024030084
825	PO2024030085
826	PO2024030086
827	PO2024030087
828	PO2024030088
829	PO2024030089
830	PO2024030090
831	PO2024030091
832	PO2024030092
833	PO2024030094
834	PO2024030095
835	PO2024030096
836	PO2024030097
837	PO2024030098
838	PO2024030100
839	PO2024030101
840	PO2024030102
841	PO2024030103
842	PO2024030104
843	PO2024030105
844	PO2024030106
845	PO2024030107
846	PO2024030108
847	PO2024030109
848	PO2024030110
849	PO2024030111
850	PO2024030112
851	PO2024030113
852	PO2024030114
853	PO2024030115
854	PO2024030116
855	PO2024030117
856	PO2024030118
857	PO2024030119
858	PO2024030120
859	PO2024030121
860	PO2024030122
861	PO2024030123
862	PO2024030124
863	PO2024030125
864	PO2024030126
865	PO2024030127
866	PO2024030128
867	PO2024030129
868	SUP24-194
869	บริษัท เลคิเซ่ ไลท์ติ้ง  จำกัด
870	PO2024030130
871	PO2024030131
872	PO2024030132
873	PO2024030133
874	PO2024030134
875	PO2024030135
876	PO2024030136
877	PO2024030137
878	PO2024030138
879	PO2024030139
880	PO2024030140
881	TP
882	PO2024030141
883	PO2024030142
884	PO2024030143
885	PO2024030144
886	PO2024030145
887	PO2024030146
888	PO2024030147
889	PO2024030148
890	PO2024030150
891	PO2024030151
892	PO2024030152
893	PO2024030153
894	PO2024030154
895	PO2024030155
896	SUP24-064
897	บริษัท ตี๋ฟันทองการไฟฟ้า  จำกัด
898	PO2024030156
899	PO2024030157
900	PO2024030158
901	PO2024030159
902	PO2024030160
903	PO2024030161
904	PO2024030162
905	PO2024030163
906	PO2024030164
907	PO2024030165
908	PO2024030166
909	PO2024030167
910	PO2024030168
911	PO2024030169
912	PO2024030170
913	PO2024030171
914	PO2024030172
915	PO2024030173
916	PO2024030174
917	PO2024030175
918	PO2024030176
919	SUP24-161
920	บริษัท มัลติ อีเล็คทริค  จำกัด
921	PO2024030177
922	PO2024030178
923	PO2024030179
924	PO2024030180
925	PO2024030181
926	PO2024030182
927	PO2024030183
928	PO2024030184
929	PO2024030185
930	PO2024030186
931	PO2024030187
932	PO2024030188
933	SUP24-368
934	บริษัท สากล อินเตอร์เทรด(1991) จำกัด  
935	PO2024030189
936	PO2024030190
937	PO2024030191
938	PO2024030192
939	PO2024030193
940	PO2024030194
941	PO2024030195
942	PO2024030196
943	PO2024030197
944	PO2024030198
945	PO2024030199
946	PO2024030200
947	PO2024030201
948	PO2024030203
949	PO2024030204
950	PO2024030205
951	SUP24-369
952	บริษัท เอน อินฟินิท จำกัด 
953	PO2024030206
954	PO2024030207
955	PO2024030208
956	PO2024030209
957	PO2024030210
958	PO2024030211
959	PO2024030213
960	PO2024030214
961	PO2024030215
962	PO2024030216
963	PO2024030217
964	PO2024030218
965	PO2024030219
966	PO2024030220
967	PO2024030221
968	PO2024030222
969	PO2024030223
970	PO2024030224
971	PO2024030225
972	PO2024030226
973	PO2024030227
974	PO2024030228
975	PO2024030229
976	PO2024030230
977	PO2024030231
978	SUP24-213
979	บริษัท แสงสุวรรณ ไลท์ติ้ง  จำกัด
980	PO2024030232
981	PO2024030233
982	PO2024030234
983	PO2024030235
984	PO2024030236
985	PO2024030237
986	PO2024030238
987	PO2024030239
988	PO2024030240
989	PO2024030241
990	PO2024030242
991	PO2024030243
992	PO2024030245
993	PO2024030246
994	PO2024030247
995	PO2024030248
996	PO2024030249
997	PO2024030250
998	PO2024030251
999	PO2024030252
1000	PO2024030253
1001	PO2024030254
1002	PO2024030255
1003	PO2024030256
1004	PO2024030257
1005	PO2024030258
1006	PO2024030259
1007	PO2024030260
1008	PO2024030261
1009	PO2024030262
1010	PO2024030263
1011	PO2024030264
1012	PO2024030265
1013	PO2024030266
1014	PO2024030267
1015	PO2024030269
1016	PO2024030270
1017	PO2024030272
1018	PO2024030273
1019	PO2024030274
1020	PO2024030275
1021	PO2024030276
1022	PO2024030277
1023	PO2024030278
1024	PO2024030279
1025	PO2024030280
1026	PO2024030281
1027	PO2024030282
1028	PO2024030283
1029	PO2024030284
1030	PO2024030285
1031	PO2024030286
1032	PO2024030287
1033	PO2024030288
1034	PO2024030289
1035	PO2024030290
1036	PO2024030291
1037	PO2024030292
1038	PO2024030293
1039	PO2024030294
1040	PO2024030295
1041	PO2024030296
1042	PO2024030297
1043	PO2024030298
1044	PO2024030299
1045	PO2024030300
1046	PO2024030301
1047	PO2024030302
1048	PO2024040001
1049	PO2024040002
1050	PO2024040003
1051	PO2024040004
1052	PO2024040005
1053	PO2024040006
1054	PO2024040007
1055	PO2024040008
1056	PO2024040009
1057	PO2024040011
1058	PO2024040012
1059	PO2024040013
1060	PO2024040014
1061	PO2024040015
1062	PO2024040016
1063	PO2024040017
1064	PO2024040018
1065	PO2024040019
1066	PO2024040020
1067	PO2024040021
1068	PO2024040022
1069	PO2024040023
1070	.
1071	PO2024040024
1072	PO2024040025
1073	PO2024040026
1074	PO2024040027
1075	PO2024040028
1076	PO2024040029
1077	PO2024040030
1078	PO2024040031
1079	PO2024040032
1080	PO2024040033
1081	PO2024040034
1082	PO2024040035
1083	PO2024040036
1084	PO2024040037
1085	PO2024040038
1086	PO2024040039
1087	PO2024040040
1088	PO2024040041
1089	PO2024040042
1090	PO2024040043
1091	PO2024040044
1092	PO2024040045
1093	PO2024040046
1094	PO2024040047
1095	PO2024040048
1096	PO2024040049
1097	PO2024040050
1098	PO2024040051
1099	PO2024040052
1100	PO2024040053
1101	PO2024040054
1102	PO2024040055
1103	PO2024040056
1104	PO2024040057
1105	PO2024040058
1106	PO2024040059
1107	PO2024040060
1108	PO2024040061
1109	PO2024040062
1110	PO2024040063
1111	PO2024040064
1112	PO2024040065
1113	SUP24-084
1114	บริษัท ไทย อิเล็คทริคซิตี้ อินเตอร์เนชั่นแนล จำกัด
1115	PO2024040066
1116	PO2024040067
1117	PO2024040068
1118	PO2024040069
1119	PO2024040070
1120	PO2024040071
1121	PO2024040072
1122	PO2024040073
1123	PO2024040074
1124	PO2024040075
1125	PO2024040076
1126	PO2024040077
1127	PO2024040078
1128	PO2024040079
1129	PO2024040080
1130	PO2024040081
1131	PO2024040082
1132	PO2024040083
1133	PO2024040084
1134	PO2024040085
1135	PO2024040086
1136	PO2024040087
1137	PO2024040088
1138	PO2024040089
1139	PO2024040090
1140	PO2024040093
1141	PO2024040094
1142	PO2024040095
1143	PO2024040096
1144	PO2024040097
1145	PO2024040098
1146	PO2024040099
1147	PO2024040100
1148	PO2024040101
1149	PO2024040103
1150	PO2024040104
1151	PO2024040105
1152	PO2024040106
1153	PO2024040107
1154	PO2024040108
1155	PO2024040109
1156	PO2024040110
1157	PO2024040111
1158	PO2024040112
1159	PO2024040113
1160	PO2024040114
1161	PO2024040115
1162	PO2024040116
1163	PO2024040117
1164	PO2024040118
1165	PO2024040119
1166	PO2024040120
1167	PO2024040121
1168	PO2024040122
1169	PO2024040124
1170	PO2024040125
1171	PO2024040126
1172	PO2024040127
1173	PO2024040128
1174	PO2024040129
1175	PO2024040130
1176	PO2024040131
1177	PO2024040132
1178	PO2024040133
1179	PO2024040134
1180	PO2024040135
1181	PO2024040136
1182	PO2024040137
1183	PO2024040138
1184	PO2024040139
1185	PO2024040140
1186	PO2024040141
1187	PO2024040142
1188	PO2024040143
1189	PO2024040144
1190	PO2024040145
1191	PO2024040146
1192	PO2024040147
1193	PO2024040148
1194	PO2024040149
1195	PO2024040150
1196	PO2024040151
1197	PO2024040152
1198	PO2024040153
1199	PO2024040154
1200	PO2024040155
1201	PO2024040156
1202	PO2024040157
1203	PO2024040158
1204	PO2024040159
1205	PO2024040160
1206	PO2024040161
1207	PO2024040162
1208	PO2024040163
1209	PO2024040164
1210	PO2024040165
1211	PO2024040166
1212	PO2024040167
1213	PO2024040168
1214	PO2024040169
1215	PO2024040170
1216	PO2024040171
1217	PO2024040173
1218	PO2024040174
1219	PO2024040175
1220	PO2024040176
1221	PO2024040177
1222	PO2024040178
1223	PO2024040179
1224	PO2024040180
1225	PO2024040181
1226	PO2024040182
1227	PO2024040183
1228	PO2024040184
1229	PO2024040185
1230	PO2024040186
1231	PO2024040187
1232	PO2024040188
1233	PO2024040189
1234	PO2024040190
1235	PO2024040191
1236	PO2024040192
1237	PO2024040193
1238	PO2024040194
1239	PO2024040195
1240	PO2024040196
1241	PO2024040198
1242	PO2024040199
1243	PO2024040200
1244	PO2024040201
1245	PO2024040202
1246	PO2024040203
1247	PO2024040204
1248	PO2024040205
1249	PO2024040206
1250	PO2024040207
1251	PO2024040208
1252	PO2024040209
1253	PO2024040210
1254	PO2024040211
1255	PO2024040212
1256	PO2024040213
1257	PO2024040214
1258	PO2024040215
1259	PO2024040216
1260	PO2024040217
1261	PO2024040218
1262	PO2024040219
1263	PO2024040220
1264	PO2024040221
1265	PO2024040222
1266	PO2024040223
1267	PO2024050001
1268	PO2024050002
1269	PO2024050003
1270	PO2024050004
1271	PO2024050005
1272	PO2024050006
1273	PO2024050007
1274	PO2024050008
1275	PO2024050009
1276	PO2024050010
1277	PO2024050011
1278	PO2024050012
1279	PO2024050014
1280	PO2024050015
1281	PO2024050016
1282	PO2024050017
1283	PO2024050018
1284	PO2024050019
1285	PO2024050020
1286	PO2024050021
1287	PO2024050022
1288	PO2024050023
1289	PO2024050024
1290	PO2024050025
1291	PO2024050026
1292	PO2024050027
1293	PO2024050028
1294	PO2024050029
1295	PO2024050030
1296	PO2024050031
1297	PO2024050032
1298	PO2024050033
1299	PO2024050034
1300	PO2024050035
1301	PO2024050036
1302	PO2024050037
1303	PO2024050038
1304	PO2024050039
1305	PO2024050040
1306	PO2024050041
1307	PO2024050042
1308	PO2024050043
1309	PO2024050044
1310	PO2024050045
1311	PO2024050046
1312	PO2024050047
1313	PO2024050048
1314	PO2024050049
1315	PO2024050050
1316	PO2024050051
1317	PO2024050052
1318	PO2024050053
1319	PO2024050054
1320	PO2024050055
1321	SUP24-371
1322	บริษัท ธนวานิช ภิวัฒน์ จำกัด
1323	PO2024050056
1324	PO2024050057
1325	PO2024050058
1326	PO2024050059
1327	PO2024050060
1328	PO2024050061
1329	PO2024050062
1330	PO2024050063
1331	PO2024050064
1332	PO2024050065
1333	PO2024050066
1334	PO2024050067
1335	PO2024050068
1336	PO2024050069
1337	PO2024050070
1338	PO2024050071
1339	PO2024050072
1340	PO2024050073
1341	PO2024050074
1342	PO2024050075
1343	PO2024050076
1344	PO2024050077
1345	PO2024050078
1346	PO2024050079
1347	PO2024050080
1348	PO2024050081
1349	PO2024050082
1350	PO2024050083
1351	PO2024050084
1352	PO2024050085
1353	PO2024050086
1354	PO2024050087
1355	PO2024050088
1356	PO2024050089
1357	PO2024050090
1358	PO2024050091
1359	PO2024050092
1360	PO2024050093
1361	PO2024050094
1362	PO2024050095
1363	PO2024050096
1364	PO2024050097
1365	SUP24-298
1366	บริษัท อินเตอร์ลิ้งค์ คอมมิวนิเคชั่น จำกัด (มหาชน)  
1367	PO2024050098
1368	SUP24-372
1369	บริษัท ทริปเปิ้ล เอ็น อินเตอร์ไพรส์ จำกัด
1370	PO2024050099
1371	PO2024050100
1372	PO2024050101
1373	PO2024050102
1374	PO2024050103
1375	PO2024050104
1376	PO2024050105
1377	PO2024050106
1378	PO2024050107
1379	PO2024050108
1380	PO2024050109
1381	PO2024050110
1382	PO2024050111
1383	PO2024050112
1384	PO2024050113
1385	PO2024050114
1386	PO2024050115
1387	PO2024050116
1388	PO2024050117
1389	PO2024050118
1390	PO2024050119
1391	PO2024050120
1392	PO2024050121
1393	PO2024050122
1394	PO2024050123
1395	PO2024050124
1396	PO2024050125
1397	PO2024050126
1398	PO2024050127
1399	PO2024050128
1400	PO2024050129
1401	PO2024050130
1402	PO2024050131
1403	PO2024050132
1404	PO2024050133
1405	PO2024050134
1406	PO2024050135
1407	PO2024050136
1408	PO2024050137
1409	PO2024050138
1410	PO2024050139
1411	PO2024050140
1412	PO2024050141
1413	PO2024050142
1414	PO2024050143
1415	PO2024050144
1416	PO2024050145
1417	PO2024050146
1418	PO2024050147
1419	PO2024050148
1420	PO2024050149
1421	PO2024050150
1422	PO2024050151
1423	PO2024050152
1424	PO2024050153
1425	PO2024050154
1426	PO2024050155
1427	PO2024050156
1428	PO2024050157
1429	PO2024050158
1430	PO2024050159
1431	PO2024050160
1432	PO2024050161
1433	PO2024050162
1434	PO2024050163
1435	PO2024050164
1436	PO2024050165
1437	PO2024050166
1438	PO2024050167
1439	PO2024050168
1440	PO2024050169
1441	PO2024050170
1442	PO2024050171
1443	PO2024050172
1444	PO2024050173
1445	PO2024050174
1446	PO2024050175
1447	PO2024050176
1448	PO2024050177
1449	PO2024050178
1450	PO2024050179
1451	PO2024050180
1452	PO2024050181
1453	PO2024050182
1454	PO2024050183
1455	PO2024050184
1456	PO2024050185
1457	PO2024050186
1458	PO2024050187
1459	PO2024050188
1460	PO2024050189
1461	PO2024050190
1462	PO2024050191
1463	PO2024050192
1464	PO2024050193
1465	PO2024050194
1466	PO2024050195
1467	PO2024050196
1468	PO2024050197
1469	PO2024050198
1470	PO2024050199
1471	PO2024050200
1472	PO2024050201
1473	PO2024050202
1474	PO2024050203
1475	PO2024050204
1476	PO2024050205
1477	PO2024050206
1478	PO2024050207
1479	PO2024050209
1480	PO2024050210
1481	PO2024050211
1482	PO2024050212
1483	PO2024050213
1484	PO2024050214
1485	PO2024050215
1486	PO2024050216
1487	PO2024050217
1488	PO2024050218
1489	PO2024050219
1490	PO2024050220
1491	PO2024050221
1492	PO2024050222
1493	PO2024050223
1494	PO2024050224
1495	PO2024050225
1496	PO2024050226
1497	PO2024050227
1498	PO2024050228
1499	PO2024050229
1500	PO2024050230
1501	PO2024050231
1502	PO2024050232
1503	PO2024050233
1504	PO2024050234
1505	PO2024050235
1506	PO2024050236
1507	PO2024050237
1508	PO2024050238
1509	PO2024050239
1510	PO2024050240
1511	SUP24-241
1512	บริษัท เอ็น.อาร์.เอ็นจิเนียริ่ง  จำกัด
1513	PO2024050241
1514	PO2024050242
1515	PO2024050243
1516	PO2024050244
1517	PO2024050245
1518	PO2024050246
1519	PO2024050247
1520	PO2024050249
1521	PO2024050250
1522	PO2024050251
1523	PO2024050252
1524	PO2024050253
1525	PO2024050254
1526	PO2024050255
1527	PO2024050256
1528	PO2024050258
1529	PO2024050259
1530	PO2024050260
1531	PO2024050261
1532	PO2024050262
1533	PO2024050263
1534	PO2024050264
1535	PO2024050265
1536	PO2024050266
1537	PO2024050267
1538	PO2024050268
1539	PO2024050269
1540	PO2024050270
1541	PO2024050271
1542	PO2024050272
1543	PO2024050273
1544	PO2024050274
1545	PO2024050275
1546	PO2024050276
1547	PO2024050277
1548	PO2024050278
1549	PO2024050279
1550	PO2024050280
1551	PO2024050281
1552	PO2024050282
1553	PO2024050283
1554	PO2024050284
1555	PO2024050285
1556	PO2024050286
1557	PO2024050287
1558	PO2024050288
1559	PO2024050289
1560	PO2024050290
1561	PO2024050291
1562	PO2024050292
1563	PO2024050293
1564	PO2024050294
1565	PO2024050295
1566	PO2024050296
1567	PO2024050297
1568	PO2024050298
1569	PO2024050299
1570	PO2024050300
1571	PO2024050301
1572	PO2024050302
1573	PO2024050303
1574	PO2024050304
1575	PO2024050305
1576	PO2024050306
1577	PO2024050307
1578	PO2024050308
1579	PO2024050309
1580	PO2024050310
1581	PO2024050311
1582	PO2024050313
1583	PO2024050314
1584	PO2024050315
1585	PO2024050316
1586	PO2024050317
1587	PO2024050318
1588	PO2024050319
1589	PO2024050320
1590	PO2024050321
1591	PO2024050322
1592	PO2024060001
1593	PO2024060002
1594	PO2024060003
1595	PO2024060004
1596	PO2024060005
1597	PO2024060006
1598	PO2024060007
1599	PO2024060008
1600	PO2024060009
1601	PO2024060010
1602	PO2024060011
1603	PO2024060012
1604	PO2024060013
1605	PO2024060014
1606	PO2024060015
1607	PO2024060016
1608	PO2024060017
1609	PO2024060018
1610	PO2024060019
1611	PO2024060020
1612	PO2024060021
1613	PO2024060022
1614	PO2024060023
1615	PO2024060024
1616	PO2024060025
1617	PO2024060026
1618	PO2024060027
1619	PO2024060028
1620	PO2024060029
1621	PO2024060030
1622	PO2024060031
1623	PO2024060032
1624	PO2024060033
1625	PO2024060034
1626	PO2024060035
1627	PO2024060036
1628	PO2024060037
1629	PO2024060038
1630	PO2024060039
1631	PO2024060040
1632	PO2024060041
1633	PO2024060042
1634	PO2024060043
1635	PO2024060044
1636	PO2024060045
1637	PO2024060046
1638	PO2024060047
1639	PO2024060048
1640	PO2024060049
1641	PO2024060050
1642	PO2024060051
1643	PO2024060052
1644	PO2024060053
1645	PO2024060054
1646	PO2024060055
1647	PO2024060056
1648	PO2024060057
1649	PO2024060058
1650	PO2024060059
1651	PO2024060060
1652	PO2024060061
1653	PO2024060062
1654	PO2024060063
1655	PO2024060064
1656	PO2024060065
1657	PO2024060066
1658	PO2024060067
1659	PO2024060068
1660	PO2024060069
1661	PO2024060070
1662	PO2024060072
1663	NT
1664	PO2024060073
1665	PO2024060074
1666	PO2024060075
1667	PO2024060076
1668	PO2024060077
1669	PO2024060078
1670	PO2024060079
1671	PO2024060080
1672	PO2024060081
1673	PO2024060082
1674	PO2024060083
1675	PO2024060084
1676	PO2024060085
1677	PO2024060086
1678	PO2024060087
1679	PO2024060089
1680	PO2024060090
1681	PO2024060091
1682	PO2024060092
1683	PO2024060093
1684	PO2024060094
1685	PO2024060095
1686	PO2024060096
1687	PO2024060097
1688	PO2024060098
1689	PO2024060099
1690	PO2024060100
1691	PO2024060101
1692	PO2024060102
1693	PO2024060103
1694	PO2024060104
1695	PO2024060105
1696	PO2024060106
1697	PO2024060107
1698	PO2024060108
1699	PO2024060109
1700	PO2024060110
1701	PO2024060111
1702	PO2024060112
1703	PO2024060113
1704	PO2024060114
1705	PO2024060115
1706	PO2024060116
1707	PO2024060117
1708	PO2024060118
1709	PO2024060119
1710	PO2024060120
1711	PO2024060121
1712	PO2024060122
1713	PO2024060123
1714	PO2024060124
1715	PO2024060125
1716	PO2024060126
1717	PO2024060127
1718	PO2024060128
1719	PO2024060129
1720	PO2024060130
1721	PO2024060131
1722	PO2024060132
1723	PO2024060133
1724	PO2024060134
1725	PO2024060135
1726	PO2024060136
1727	PO2024060137
1728	PO2024060139
1729	PO2024060140
1730	PO2024060141
1731	PO2024060142
1732	PO2024060143
1733	PO2024060144
1734	PO2024060145
1735	PO2024060146
1736	PO2024060147
1737	PO2024060148
1738	PO2024060149
1739	PO2024060150
1740	PO2024060151
1741	PO2024060152
1742	PO2024060153
1743	PO2024060154
1744	PO2024060155
1745	PO2024060156
1746	PO2024060157
1747	PO2024060158
1748	PO2024060159
1749	PO2024060160
1750	PO2024060161
1751	PO2024060162
1752	PO2024060163
1753	PO2024060164
1754	PO2024060165
1755	PO2024060166
1756	PO2024060167
1757	PO2024060168
1758	PO2024060169
1759	PO2024060170
1760	PO2024060171
1761	PO2024060172
1762	PO2024060173
1763	PO2024060174
1764	PO2024060175
1765	PO2024060176
1766	PO2024060177
1767	PO2024060178
1768	PO2024060179
1769	PO2024060180
1770	PO2024060181
1771	PO2024060182
1772	PO2024060183
1773	PO2024060184
1774	PO2024060185
1775	PO2024060186
1776	PO2024060187
1777	PO2024060188
1778	PO2024060189
1779	PO2024060190
1780	PO2024060191
1781	PO2024060192
1782	PO2024060193
1783	PO2024060194
1784	PO2024060195
1785	PO2024060196
1786	PO2024060197
1787	PO2024060198
1788	PO2024060199
1789	PO2024060200
1790	PO2024060202
1791	PO2024060203
1792	PO2024060204
1793	PO2024060205
1794	PO2024060206
1795	PO2024060207
1796	PO2024060208
1797	PO2024060209
1798	PO2024060210
1799	PO2024060211
1800	PO2024060212
1801	PO2024060213
1802	PO2024060214
1803	PO2024060216
1804	PO2024060217
1805	PO2024060218
1806	PO2024060219
1807	PO2024060220
1808	PO2024060221
1809	PO2024060222
1810	PO2024060223
1811	PO2024060224
1812	PO2024060225
1813	PO2024060226
1814	PO2024060227
1815	PO2024060228
1816	PO2024060229
1817	PO2024060230
1818	PO2024060231
1819	PO2024060232
1820	PO2024060234
1821	PO2024060235
1822	PO2024060236
1823	PO2024060237
1824	PO2024060238
1825	PO2024060239
1826	PO2024060240
1827	PO2024060241
1828	PO2024060242
1829	PO2024060243
1830	PO2024060244
1831	PO2024060245
1832	PO2024060246
1833	PO2024060247
1834	PO2024060248
1835	PO2024060249
1836	PO2024060250
1837	PO2024060251
1838	PO2024060252
1839	PO2024060253
1840	PO2024060254
1841	PO2024060255
1842	PO2024060256
1843	PO2024060257
1844	PO2024060258
1845	PO2024060259
1846	PO2024060261
1847	PO2024060262
1848	PO2024060263
1849	PO2024060264
1850	PO2024060265
1851	PO2024060266
1852	PO2024060267
1853	PO2024060268
1854	SUP24-242
1855	บริษัท ไอโทเว่น อิเล็กทรอนิกส์  จำกัด
1856	PO2024060269
1857	PO2024060270
1858	PO2024060271
1859	PO2024060272
1860	PO2024060273
1861	PO2024060274
1862	PO2024060275
1863	PO2024060276
1864	PO2024060277
1865	PO2024060278
1866	PO2024060279
1867	PO2024060280
1868	PO2024070001
1869	PO2024070002
1870	PO2024070003
1871	PO2024070004
1872	PO2024070005
1873	PO2024070006
1874	PO2024070007
1875	PO2024070008
1876	PO2024070009
1877	PO2024070010
1878	PO2024070011
1879	PO2024070012
1880	PO2024070013
1881	PO2024070014
1882	PO2024070015
1883	PO2024070016
1884	PO2024070017
1885	PO2024070018
1886	PO2024070019
1887	PO2024070020
1888	PO2024070021
1889	PO2024070023
1890	PO2024070024
1891	PO2024070025
1892	PO2024070026
1893	PO2024070027
1894	PO2024070028
1895	PO2024070029
1896	PO2024070030
1897	PO2024070031
1898	PO2024070032
1899	PO2024070033
1900	PO2024070034
1901	PO2024070035
1902	PO2024070036
1903	PO2024070037
1904	PO2024070038
1905	PO2024070039
1906	PO2024070040
1907	PO2024070041
1908	PO2024070042
1909	PO2024070043
1910	PO2024070044
1911	PO2024070045
1912	PO2024070046
1913	PO2024070047
1914	PO2024070048
1915	PO2024070049
1916	PO2024070051
1917	PO2024070052
1918	PO2024070053
1919	PO2024070054
1920	PO2024070055
1921	PO2024070056
1922	PO2024070057
1923	PO2024070058
1924	PO2024070059
1925	PO2024070060
1926	PO2024070061
1927	PO2024070062
1928	PO2024070063
1929	PO2024070064
1930	PO2024070065
1931	PO2024070066
1932	PO2024070067
1933	PO2024070068
1934	PO2024070069
1935	PO2024070070
1936	PO2024070071
1937	PO2024070072
1938	PO2024070073
1939	PO2024070074
1940	PO2024070075
1941	PO2024070076
1942	PO2024070077
1943	PO2024070078
1944	PO2024070079
1945	PO2024070080
1946	PO2024070082
1947	PO2024070083
1948	PO2024070084
1949	PO2024070085
1950	PO2024070086
1951	PO2024070087
1952	PO2024070088
1953	PO2024070089
1954	PO2024070090
1955	PO2024070091
1956	PO2024070092
1957	PO2024070093
1958	PO2024070094
1959	PO2024070095
1960	PO2024070096
1961	PO2024070097
1962	PO2024070098
1963	PO2024070099
1964	PO2024070100
1965	PO2024070101
1966	PO2024070102
1967	PO2024070103
1968	PO2024070104
1969	PO2024070105
1970	PO2024070106
1971	PO2024070107
1972	PO2024070108
1973	PO2024070109
1974	PO2024070110
1975	PO2024070111
1976	PO2024070112
1977	PO2024070113
1978	PO2024070114
1979	PO2024070115
1980	PO2024070116
1981	PO2024070117
1982	PO2024070118
1983	PO2024070120
1984	PO2024070121
1985	PO2024070122
1986	PO2024070123
1987	PO2024070124
1988	PO2024070125
1989	PO2024070126
1990	PO2024070127
1991	PO2024070128
1992	PO2024070129
1993	PO2024070130
1994	PO2024070131
1995	PO2024070132
1996	PO2024070133
1997	PO2024070134
1998	PO2024070135
1999	PO2024070136
2000	PO2024070137
2001	PO2024070138
2002	PO2024070139
2003	PO2024070140
2004	PO2024070141
2005	PO2024070142
2006	PO2024070143
2007	PO2024070144
2008	PO2024070145
2009	PO2024070146
2010	PO2024070147
2011	บริษัท ธีระมงคล อุตสาหกรรม จำกัด (มหาชน)
2012	PO2024070148
2013	PO2024070149
2014	PO2024070150
2015	PO2024070151
2016	PO2024070152
2017	PO2024070153
2018	PO2024070154
2019	PO2024070155
2020	PO2024070156
2021	PO2024070157
2022	PO2024070158
2023	PO2024070159
2024	PO2024070160
2025	PO2024070162
2026	PO2024070163
2027	PO2024070164
2028	PO2024070165
2029	PO2024070166
2030	PO2024070167
2031	PO2024070168
2032	PO2024070170
2033	PO2024070171
2034	PO2024070172
2035	PO2024070173
2036	PO2024070174
2037	PO2024070175
2038	PO2024070176
2039	PO2024070177
2040	PO2024070178
2041	PO2024070179
2042	PO2024070180
2043	PO2024070181
2044	PO2024070182
2045	PO2024070183
2046	PO2024070184
2047	PO2024070185
2048	PO2024070186
2049	PO2024070187
2050	PO2024070188
2051	PO2024070189
2052	PO2024070190
2053	PO2024070191
2054	PO2024070192
2055	PO2024070193
2056	PO2024070195
2057	PO2024070196
2058	PO2024070197
2059	PO2024070198
2060	PO2024070199
2061	PO2024070200
2062	PO2024070201
2063	PO2024070202
2064	PO2024070203
2065	PO2024070204
2066	PO2024070205
2067	PO2024070206
2068	PO2024070207
2069	PO2024070208
2070	PO2024070209
2071	PO2024070210
2072	PO2024070211
2073	PO2024070212
2074	PO2024070213
2075	PO2024070214
2076	SUP24-429
2077	บริษัท สมาร์ท เบสท์บายส์ จำกัด
2078	PO2024070215
2079	PO2024070216
2080	PO2024070217
2081	PO2024070218
2082	PO2024070219
2083	SUP24-175
2084	บริษัท เรเซอร์การไฟฟ้า (ประเทศไทย)  จำกัด
2085	PO2024070220
2086	PO2024070221
2087	PO2024070222
2088	PO2024070223
2089	PO2024070224
2090	PO2024070225
2091	PO2024070226
2092	PO2024070227
2093	PO2024070229
2094	PO2024070230
2095	PO2024070231
2096	PO2024070232
2097	PO2024070233
2098	PO2024070234
2099	PO2024070235
2100	PO2024070236
2101	PO2024070237
2102	PO2024070238
2103	PO2024070239
2104	PO2024070240
2105	PO2024070241
2106	PO2024070242
2107	PO2024070243
2108	PO2024070244
2109	PO2024070245
2110	PO2024070246
2111	PO2024070247
2112	PO2024070248
2113	PO2024070249
2114	PO2024070250
2115	PO2024070251
2116	PO2024070252
2117	PO2024070253
2118	PO2024070254
2119	PO2024070255
2120	PO2024070256
2121	PO2024070257
2122	PO2024070258
2123	PO2024070259
2124	PO2024070260
2125	PO2024070261
2126	PO2024070262
2127	PO2024070263
2128	PO2024070265
2129	PO2024070266
2130	PO2024070267
2131	PO2024070268
2132	PO2024070269
2133	PO2024070270
2134	PO2024070271
2135	PO2024070272
2136	PO2024070273
2137	PO2024070274
2138	PO2024070275
2139	PO2024070276
2140	PO2024070277
2141	PO2024070278
2142	PO2024070279
2143	PO2024070280
2144	PO2024070281
2145	PO2024070282
2146	PO2024070283
2147	PO2024070284
2148	PO2024070285
2149	PO2024070286
2150	PO2024070287
2151	PO2024070288
2152	PO2024070289
2153	PO2024070290
2154	PO2024070291
2155	PO2024070292
2156	ร้าน ที. เจ. เค. ซัพพลายส์ 
2157	PO2024070293
2158	PO2024070294
2159	PO2024070295
2160	PO2024070296
2161	PO2024070297
2162	PO2024070298
2163	PO2024070299
2164	PO2024070300
2165	PO2024070301
2166	PO2024070302
2167	PO2024080001
2168	PO2024080002
2169	PO2024080003
2170	PO2024080004
2171	PO2024080005
2172	PO2024080006
2173	PO2024080007
2174	PO2024080008
2175	PO2024080009
2176	PO2024080010
2177	SUP24-437
2178	บริษัท ทีเอ็นกรุ๊ป คอร์ปอเรชั่น  จำกัด (มหาชน)
2179	PO2024080011
2180	PO2024080012
2181	PO2024080013
2182	PO2024080014
2183	PO2024080015
2184	PO2024080016
2185	PO2024080017
2186	PO2024080018
2187	PO2024080019
2188	PO2024080020
2189	PO2024080021
2190	PO2024080022
2191	PO2024080023
2192	PO2024080024
2193	PO2024080025
2194	PO2024080026
2195	PO2024080027
2196	PO2024080028
2197	PO2024080029
2198	PO2024080030
2199	PO2024080031
2200	PO2024080032
2201	PO2024080033
2202	PO2024080034
2203	PO2024080035
2204	PO2024080036
2205	PO2024080037
2206	PO2024080038
2207	PO2024080039
2208	PO2024080040
2209	PO2024080041
2210	PO2024080042
2211	PO2024080043
2212	PO2024080044
2213	PO2024080045
2214	PO2024080046
2215	PO2024080047
2216	PO2024080048
2217	PO2024080049
2218	PO2024080050
2219	PO2024080051
2220	PO2024080052
2221	PO2024080053
2222	PO2024080054
2223	PO2024080055
2224	PO2024080056
2225	PO2024080057
2226	PO2024080058
2227	PO2024080059
2228	PO2024080060
2229	PO2024080061
2230	PO2024080062
2231	PO2024080063
2232	PO2024080064
2233	PO2024080065
2234	PO2024080066
2235	PO2024080067
2236	PO2024080068
2237	SUP24-488
2238	บริษัท ดับบลิวแอลดี อิเล็คทริค แอนด์ เซอร์วิสเซส จำกัด
2239	PO2024080069
2240	PO2024080070
2241	PO2024080071
2242	PO2024080072
2243	PO2024080074
2244	PO2024080075
2245	PO2024080076
2246	PO2024080077
2247	PO2024080078
2248	PO2024080079
2249	PO2024080080
2250	PO2024080081
2251	PO2024080082
2252	PO2024080083
2253	PO2024080084
2254	PO2024080085
2255	PO2024080086
2256	PO2024080087
2257	PO2024080088
2258	PO2024080089
2259	PO2024080090
2260	SUP24-244
2261	บริษัท เอี่ยมพงศ์พัฒนา  จำกัด
2262	PO2024080091
2263	PO2024080092
2264	PO2024080093
2265	PO2024080094
2266	PO2024080095
2267	PO2024080096
2268	PO2024080097
2269	PO2024080098
2270	PO2024080099
2271	PO2024080100
2272	PO2024080101
2273	PO2024080102
2274	PO2024080103
2275	PO2024080104
2276	PO2024080105
2277	PO2024080107
2278	PO2024080108
2279	PO2024080109
2280	PO2024080110
2281	PO2024080112
2282	PO2024080113
2283	PO2024080114
2284	PO2024080115
2285	PO2024080116
2286	PO2024080117
2287	PO2024080118
2288	PO2024080119
2289	PO2024080120
2290	PO2024080121
2291	PO2024080122
2292	PO2024080123
2293	PO2024080124
2294	PO2024080125
2295	PO2024080126
2296	PO2024080127
2297	PO2024080128
2298	PO2024080129
2299	PO2024080130
2300	PO2024080131
2301	PO2024080132
2302	PO2024080133
2303	PO2024080134
2304	PO2024080135
2305	PO2024080136
2306	PO2024080137
2307	PO2024080138
2308	PO2024080139
2309	PO2024080140
2310	PO2024080141
2311	PO2024080142
2312	PO2024080143
2313	PO2024080144
2314	PO2024080145
2315	PO2024080146
2316	PO2024080147
2317	PO2024080148
2318	PO2024080149
2319	PO2024080150
2320	PO2024080151
2321	PO2024080152
2322	PO2024080153
2323	PO2024080154
2324	PO2024080155
2325	PO2024080156
2326	PO2024080157
2327	PO2024080159
2328	PO2024080160
2329	PO2024080161
2330	PO2024080162
2331	PO2024080163
2332	PO2024080164
2333	PO2024080165
2334	PO2024080166
2335	PO2024080167
2336	PO2024080168
2337	PO2024080169
2338	PO2024080170
2339	PO2024080171
2340	PO2024080172
2341	PO2024080173
2342	PO2024080174
2343	PO2024080175
2344	PO2024080176
2345	PO2024080177
2346	PO2024080178
2347	PO2024080179
2348	PO2024080180
2349	PO2024080181
2350	PO2024080182
2351	PO2024080183
2352	PO2024080184
2353	PO2024080185
2354	PO2024080186
2355	PO2024080187
2356	PO2024080188
2357	PO2024080189
2358	PO2024080190
2359	PO2024080191
2360	PO2024080192
2361	PO2024080193
2362	PO2024080194
2363	PO2024080195
2364	PO2024080196
2365	PO2024080197
2366	PO2024080198
2367	PO2024080199
2368	PO2024080200
2369	PO2024080201
2370	PO2024080202
2371	PO2024080203
2372	PO2024080204
2373	PO2024080205
2374	PO2024080206
2375	PO2024080207
2376	PO2024080208
2377	PO2024080209
2378	PO2024080210
2379	PO2024080211
2380	PO2024080212
2381	PO2024080213
2382	PO2024080214
2383	PO2024080215
2384	PO2024080216
2385	PO2024080217
2386	PO2024080218
2387	PO2024080219
2388	PO2024080220
2389	PO2024080221
2390	PO2024080222
2391	PO2024080223
2392	PO2024080224
2393	PO2024080225
2394	PO2024080226
2395	PO2024080227
2396	PO2024080228
2397	PO2024080229
2398	PO2024080230
2399	PO2024080231
2400	PO2024080232
2401	PO2024080233
2402	PO2024080234
2403	PO2024080236
2404	PO2024080237
2405	PO2024080238
2406	PO2024080239
2407	PO2024080240
2408	PO2024080241
2409	PO2024080242
2410	PO2024080243
2411	SUP24-501
2412	บริษัท รูท วัน เอ็นจิเนียริ่ง จำกัด
2413	PO2024080244
2414	PO2024080245
2415	PO2024080246
2416	PO2024080247
2417	PO2024080248
2418	PO2024080249
2419	PO2024080250
2420	PO2024080251
2421	PO2024080252
2422	PO2024080253
2423	PO2024080254
2424	PO2024080255
2425	PO2024080256
2426	PO2024080257
2427	PO2024080258
2428	PO2024080259
2429	PO2024080260
2430	PO2024080261
2431	PO2024080262
2432	PO2024080263
2433	PO2024080264
2434	PO2024080265
2435	PO2024080266
2436	PO2024080267
2437	PO2024080268
2438	PO2024080269
2439	PO2024080270
2440	PO2024080271
2441	PO2024080272
2442	PO2024080273
2443	PO2024080274
2444	PO2024080275
2445	PO2024080276
2446	PO2024080277
2447	PO2024080278
2448	PO2024080279
2449	PO2024080280
2450	PO2024080281
2451	PO2024080282
2452	PO2024080283
2453	PO2024080284
2454	PO2024080285
2455	PO2024080286
2456	PO2024080287
2457	PO2024080288
2458	PO2024080289
2459	PO2024080290
2460	PO2024080291
2461	PO2024080292
2462	PO2024080293
2463	PO2024080294
2464	PO2024080295
2465	PO2024080296
2466	PO2024080297
2467	PO2024080298
2468	PO2024080299
2469	PO2024090001
2470	PO2024090002
2471	PO2024090003
2472	PO2024090004
2473	PO2024090005
2474	PO2024090006
2475	PO2024090007
2476	PO2024090008
2477	PO2024090009
2478	PO2024090010
2479	PO2024090011
2480	PO2024090012
2481	PO2024090013
2482	PO2024090014
2483	PO2024090015
2484	PO2024090016
2485	PO2024090017
2486	PO2024090018
2487	PO2024090020
2488	PO2024090021
2489	PO2024090023
2490	PO2024090024
2491	PO2024090025
2492	PO2024090026
2493	PO2024090027
2494	PO2024090029
2495	PO2024090030
2496	PO2024090031
2497	PO2024090032
2498	PO2024090033
2499	PO2024090034
2500	PO2024090035
2501	PO2024090036
2502	PO2024090037
2503	PO2024090038
2504	PO2024090039
2505	PO2024090040
2506	PO2024090041
2507	PO2024090042
2508	PO2024090043
2509	PO2024090044
2510	PO2024090045
2511	PO2024090046
2512	PO2024090047
2513	PO2024090048
2514	PO2024090049
2515	PO2024090050
2516	PO2024090051
2517	PO2024090052
2518	PO2024090053
2519	PO2024090054
2520	PO2024090055
2521	PO2024090056
2522	PO2024090057
2523	PO2024090058
2524	PO2024090059
2525	PO2024090060
2526	PO2024090061
2527	PO2024090062
2528	PO2024090063
2529	PO2024090064
2530	PO2024090065
2531	PO2024090066
2532	บริษัท แอล ที เอ็น ไล้ท์ติ้ง กรุ๊ป จำกัด
2533	PO2024090067
2534	PO2024090068
2535	PO2024090069
2536	PO2024090070
2537	PO2024090071
2538	PO2024090072
2539	PO2024090073
2540	PO2024090074
2541	PO2024090075
2542	PO2024090076
2543	PO2024090077
2544	PO2024090078
2545	PO2024090079
2546	PO2024090080
2547	PO2024090081
2548	PO2024090082
2549	PO2024090083
2550	PO2024090084
2551	PO2024090085
2552	PO2024090086
2553	PO2024090087
2554	PO2024090088
2555	PO2024090089
2556	PO2024090090
2557	PO2024090091
2558	PO2024090092
2559	PO2024090093
2560	PO2024090094
2561	PO2024090095
2562	PO2024090096
2563	PO2024090097
2564	PO2024090098
2565	PO2024090099
2566	PO2024090100
2567	PO2024090101
2568	PO2024090102
2569	PO2024090103
2570	PO2024090104
2571	PO2024090105
2572	PO2024090106
2573	PO2024090107
2574	PO2024090108
2575	PO2024090109
2576	PO2024090110
2577	PO2024090111
2578	PO2024090112
2579	PO2024090113
2580	PO2024090114
2581	PO2024090115
2582	PO2024090116
2583	PO2024090117
2584	PO2024090118
2585	PO2024090119
2586	PO2024090120
2587	PO2024090121
2588	PO2024090122
2589	PO2024090123
2590	PO2024090124
2591	PO2024090125
2592	PO2024090126
2593	PO2024090127
2594	PO2024090128
2595	PO2024090129
2596	PO2024090130
2597	PO2024090131
2598	PO2024090132
2599	PO2024090133
2600	PO2024090134
2601	PO2024090135
2602	PO2024090136
2603	PO2024090137
2604	PO2024090138
2605	PO2024090139
2606	PO2024090140
2607	PO2024090141
2608	PO2024090142
2609	PO2024090143
2610	PO2024090144
2611	PO2024090145
2612	PO2024090146
2613	PO2024090147
2614	PO2024090148
2615	PO2024090149
2616	PO2024090150
2617	PO2024090151
2618	PO2024090152
2619	PO2024090153
2620	PO2024090154
2621	PO2024090155
2622	PO2024090156
2623	PO2024090157
2624	PO2024090158
2625	PO2024090159
2626	PO2024090160
2627	PO2024090161
2628	PO2024090162
2629	PO2024090163
2630	PO2024090164
2631	PO2024090165
2632	PO2024090166
2633	PO2024090167
2634	PO2024090168
2635	PO2024090169
2636	PO2024090170
2637	PO2024090171
2638	PO2024090172
2639	PO2024090173
2640	PO2024090174
2641	PO2024090175
2642	PO2024090176
2643	PO2024090178
2644	PO2024090179
2645	PO2024090180
2646	PO2024090181
2647	PO2024090182
2648	PO2024090183
2649	PO2024090184
2650	PO2024090185
2651	PO2024090186
2652	PO2024090187
2653	PO2024090188
2654	PO2024090189
2655	PO2024090190
2656	PO2024090191
2657	PO2024090192
2658	PO2024090193
2659	PO2024090194
2660	PO2024090195
2661	PO2024090196
2662	PO2024090197
2663	PO2024090198
2664	PO2024090199
2665	PO2024090200
2666	PO2024090201
2667	PO2024090202
2668	PO2024090203
2669	PO2024090204
2670	PO2024090205
2671	PO2024090206
2672	PO2024090207
2673	PO2024090208
2674	PO2024090209
2675	PO2024090210
2676	PO2024090211
2677	PO2024090212
2678	PO2024090213
2679	PO2024090214
2680	PO2024090215
2681	PO2024090216
2682	PO2024090217
2683	PO2024090218
2684	PO2024090219
2685	PO2024090220
2686	PO2024090221
2687	PO2024090222
2688	PO2024090223
2689	PO2024090224
2690	PO2024090225
2691	PO2024090226
2692	PO2024090227
2693	PO2024090228
2694	PO2024090229
2695	PO2024090230
2696	PO2024090231
2697	PO2024090232
2698	PO2024090233
2699	PO2024090234
2700	PO2024090235
2701	PO2024090236
2702	PO2024090237
2703	PO2024090238
2704	PO2024090239
2705	PO2024090240
2706	PO2024090241
2707	PO2024090242
2708	PO2024090243
2709	PO2024090244
2710	PO2024090245
2711	PO2024090246
2712	PO2024090247
2713	PO2024090248
2714	PO2024090249
2715	PO2024090250
2716	PO2024090251
2717	PO2024090252
2718	PO2024090253
2719	PO2024090254
2720	PO2024090255
2721	PO2024090256
2722	PO2024090257
2723	PO2024090258
2724	PO2024090259
2725	PO2024090260
2726	PO2024090261
2727	PO2024090262
2728	PO2024090263
2729	PO2024090264
2730	PO2024090265
2731	PO2024090266
2732	PO2024090267
2733	PO2024090268
2734	PO2024090269
2735	PO2024090270
2736	PO2024090271
2737	PO2024090272
2738	PO2024090273
2739	PO2024090274
2740	PO2024090275
2741	PO2024090276
2742	PO2024090277
2743	PO2024090278
2744	PO2024090279
2745	PO2024090280
2746	PO2024090281
2747	PO2024090282
2748	PO2024090283
2749	PO2024090284
2750	PO2024090285
2751	PO2024090286
2752	PO2024090287
2753	PO2024090288
2754	PO2024090289
2755	PO2024090290
2756	PO2024090291
2757	PO2024090293
2758	PO2024090294
2759	PO2024090295
2760	PO2024090296
2761	PO2024090297
2762	PO2024090298
2763	PO2024090299
2764	PO2024090300
2765	PO2024090301
2766	PO2024090302
2767	PO2024090303
2768	PO2024090304
2769	SUP24-580
2770	ร้านนาคศิลป์เฟอร์นิเจอร์มือสอง
2771	PO2024100001
2772	PO2024100002
2773	PO2024100003
2774	PO2024100004
2775	PO2024100005
2776	PO2024100006
2777	PO2024100007
2778	PO2024100008
2779	PO2024100009
2780	PO2024100010
2781	PO2024100011
2782	PO2024100012
2783	PO2024100013
2784	PO2024100014
2785	PO2024100015
2786	PO2024100016
2787	PO2024100017
2788	PO2024100018
2789	PO2024100019
2790	PO2024100020
2791	PO2024100021
2792	PO2024100022
2793	PO2024100023
2794	PO2024100024
2795	PO2024100025
2796	PO2024100026
2797	PO2024100028
2798	PO2024100029
2799	PO2024100030
2800	PO2024100031
2801	PO2024100032
2802	PO2024100033
2803	PO2024100034
2804	PO2024100035
2805	PO2024100036
2806	PO2024100037
2807	PO2024100038
2808	PO2024100039
2809	PO2024100040
2810	PO2024100041
2811	PO2024100042
2812	PO2024100043
2813	PO2024100044
2814	PO2024100045
2815	PO2024100046
2816	PO2024100047
2817	PO2024100048
2818	PO2024100049
2819	PO2024100050
2820	PO2024100051
2821	PO2024100052
2822	PO2024100053
2823	PO2024100054
2824	PO2024100055
2825	PO2024100056
2826	PO2024100057
2827	PO2024100058
2828	PO2024100059
2829	PO2024100060
2830	PO2024100061
2831	PO2024100062
2832	PO2024100063
2833	PO2024100064
2834	PO2024100065
2835	PO2024100066
2836	PO2024100067
2837	PO2024100068
2838	PO2024100069
2839	PO2024100070
2840	PO2024100071
2841	PO2024100072
2842	PO2024100073
2843	PO2024100074
2844	PO2024100075
2845	PO2024100076
2846	PO2024100077
2847	PO2024100078
2848	PO2024100080
2849	PO2024100081
2850	PO2024100082
2851	PO2024100083
2852	PO2024100084
2853	SUP24-503
2854	บริษัท 1998 ไลท์ติ้ง เซ็นเตอร์ จำกัด
2855	PO2024100085
2856	PO2024100086
2857	PO2024100087
2858	PO2024100088
2859	PO2024100089
2860	PO2024100090
2861	PO2024100091
2862	PO2024100092
2863	PO2024100093
2864	PO2024100094
2865	PO2024100096
2866	PO2024100097
2867	PO2024100098
2868	PO2024100099
2869	PO2024100100
2870	PO2024100101
2871	PO2024100103
2872	PO2024100104
2873	PO2024100105
2874	PO2024100106
2875	PO2024100107
2876	PO2024100108
2877	PO2024100109
2878	PO2024100110
2879	PO2024100111
2880	PO2024100112
2881	PO2024100113
2882	PO2024100114
2883	PO2024100115
2884	PO2024100116
2885	PO2024100117
2886	PO2024100118
2887	PO2024100119
2888	PO2024100120
2889	PO2024100121
2890	PO2024100122
2891	PO2024100123
2892	PO2024100124
2893	PO2024100125
2894	PO2024100126
2895	PO2024100127
2896	PO2024100128
2897	PO2024100129
2898	PO2024100130
2899	PO2024100131
2900	PO2024100132
2901	PO2024100133
2902	PO2024100134
2903	PO2024100135
2904	PO2024100136
2905	PO2024100137
2906	PO2024100138
2907	PO2024100139
2908	PO2024100140
2909	PO2024100141
2910	PO2024100142
2911	PO2024100143
2912	PO2024100144
2913	PO2024100145
2914	PO2024100146
2915	PO2024100147
2916	PO2024100148
2917	PO2024100149
2918	PO2024100150
2919	PO2024100151
2920	PO2024100152
2921	PO2024100153
2922	PO2024100154
2923	PO2024100155
2924	PO2024100156
2925	PO2024100157
2926	PO2024100158
2927	PO2024100159
2928	PO2024100160
2929	PO2024100161
2930	PO2024100162
2931	PO2024100163
2932	PO2024100164
2933	PO2024100165
2934	PO2024100166
2935	PO2024100167
2936	PO2024100168
2937	PO2024100169
2938	PO2024100170
2939	PO2024100171
2940	PO2024100172
2941	PO2024100173
2942	PO2024100174
2943	PO2024100175
2944	PO2024100176
2945	PO2024100177
2946	PO2024100178
2947	PO2024100179
2948	PO2024100180
2949	SUP24-259
2950	บริษัท แอลอีดี ออนโฮม เทรดดิ้ง  จำกัด
2951	PO2024100181
2952	PO2024100182
2953	PO2024100183
2954	PO2024100184
2955	PO2024100185
2956	PO2024100186
2957	PO2024100187
2958	PO2024100188
2959	PO2024100189
2960	PO2024100190
2961	PO2024100191
2962	PO2024100192
2963	PO2024100193
2964	PO2024100194
2965	PO2024100195
2966	SUP24-292
2967	บริษัท เอ็นริช เอ็นเนอร์จี  จำกัด
2968	PO2024100196
2969	PO2024100198
2970	PO2024100199
2971	PO2024100200
2972	PO2024100201
2973	PO2024100202
2974	PO2024100203
2975	PO2024100204
2976	PO2024100205
2977	PO2024100206
2978	PO2024100207
2979	PO2024100208
2980	PO2024100209
2981	PO2024100210
2982	PO2024100211
2983	PO2024100212
2984	PO2024100213
2985	PO2024100214
2986	PO2024100215
2987	PO2024100216
2988	PO2024100217
2989	PO2024100218
2990	PO2024100219
2991	PO2024100220
2992	PO2024100221
2993	PO2024100222
2994	PO2024100223
2995	PO2024100224
2996	PO2024100225
2997	PO2024100226
2998	PO2024100227
2999	PO2024100228
3000	PO2024100229
3001	PO2024100230
3002	PO2024100231
3003	PO2024100232
3004	PO2024100234
3005	PO2024100235
3006	PO2024100236
3007	PO2024100237
3008	PO2024100238
3009	PO2024100239
3010	PO2024100240
3011	PO2024100241
3012	PO2024100242
3013	PO2024100243
3014	PO2024100244
3015	PO2024100245
3016	PO2024100246
3017	PO2024100247
3018	PO2024100248
3019	PO2024100249
3020	PO2024100250
3021	PO2024100251
3022	PO2024100252
3023	PO2024100253
3024	PO2024100254
3025	PO2024100255
3026	PO2024100256
3027	PO2024100257
3028	PO2024100258
3029	PO2024100259
3030	PO2024100260
3031	PO2024100261
3032	PO2024100262
3033	PO2024100263
3034	PO2024100264
3035	PO2024100265
3036	SUP24-525
3037	บริษัท วิริยะโลหะกิจ จำกัด
3038	PO2024100266
3039	PO2024100268
3040	PO2024100269
3041	PO2024100270
3042	PO2024100271
3043	PO2024100272
3044	PO2024100273
3045	PO2024100274
3046	PO2024100275
3047	PO2024100276
3048	PO2024100277
3049	PO2024100278
3050	PO2024100279
3051	PO2024100280
3052	PO2024100281
3053	PO2024100282
3054	PO2024100283
3055	PO2024100284
3056	PO2024100285
3057	PO2024100286
3058	PO2024100287
3059	PO2024100288
3060	PO2024100289
3061	PO2024100290
3062	PO2024100291
3063	PO2024100292
3064	PO2024100293
3065	PO2024100294
3066	PO2024100295
3067	PO2024100296
3068	PO2024100297
3069	PO2024100298
3070	PO2024100299
3071	PO2024100300
3072	PO2024100301
3073	PO2024100302
3074	PO2024100304
3075	PO2024100305
3076	PO2024100306
3077	PO2024100307
3078	PO2024100308
3079	PO2024100309
3080	PO2024100310
3081	PO2024100311
3082	PO2024100312
3083	PO2024100313
3084	PO2024100314
3085	PO2024100315
3086	PO2024100316
3087	PO2024100317
3088	PO2024100318
3089	PO2024100319
3090	PO2024100320
3091	PO2024100322
3092	PO2024100323
3093	PO2024100324
3094	PO2024100325
3095	PO2024100326
3096	PO2024100327
3097	PO2024100328
3098	PO2024100329
3099	PO2024100330
3100	PO2024100331
3101	PO2024100332
3102	PO2024100333
3103	PO2024100334
3104	PO2024100335
3105	PO2024100336
3106	PO2024100337
3107	PO2024100338
3108	PO2024100339
3109	PO2024100340
3110	PO2024100341
3111	PO2024100342
3112	PO2024100343
3113	PO2024100344
3114	PO2024100345
3115	PO2024100346
3116	PO2024100347
3117	PO2024100348
3118	PO2024100349
3119	PO2024100350
3120	PO2024100351
3121	SUP24-529
3122	บริษัท เจ.เค.128 จำกัด
3123	PO2024100352
3124	PO2024100353
3125	PO2024100354
3126	PO2024100355
3127	PO2024100356
3128	PO2024100357
3129	PO2024100358
3130	PO2024100359
3131	PO2024100360
3132	PO2024100361
3133	PO2024100362
3134	PO2024100363
3135	PO2024100364
3136	PO2024100365
3137	PO2024100366
3138	PO2024100367
3139	PO2024100368
3140	PO2024100369
3141	PO2024100370
3142	PO2024100371
3143	PO2024100372
3144	PO2024100373
3145	PO2024110001
3146	PO2024110002
3147	PO2024110003
3148	PO2024110004
3149	PO2024110005
3150	PO2024110006
3151	PO2024110007
3152	PO2024110008
3153	PO2024110009
3154	PO2024110010
3155	PO2024110011
3156	PO2024110012
3157	PO2024110013
3158	PO2024110014
3159	PO2024110015
3160	PO2024110016
3161	PO2024110017
3162	PO2024110018
3163	PO2024110019
3164	PO2024110020
3165	PO2024110021
3166	PO2024110022
3167	PO2024110023
3168	PO2024110024
3169	PO2024110025
3170	PO2024110026
3171	PO2024110027
3172	PO2024110028
3173	PO2024110029
3174	PO2024110030
3175	PO2024110031
3176	PO2024110032
3177	PO2024110033
3178	PO2024110034
3179	PO2024110035
3180	PO2024110036
3181	PO2024110037
3182	PO2024110038
3183	PO2024110039
3184	PO2024110040
3185	PO2024110041
3186	PO2024110042
3187	PO2024110043
3188	PO2024110044
3189	PO2024110045
3190	PO2024110046
3191	PO2024110047
3192	PO2024110048
3193	PO2024110049
3194	PO2024110050
3195	PO2024110051
3196	PO2024110052
3197	PO2024110053
3198	PO2024110054
3199	PO2024110055
3200	PO2024110056
3201	PO2024110057
3202	PO2024110058
3203	PO2024110059
3204	PO2024110060
3205	PO2024110061
3206	SUP24-539
3207	บริษัท โฟร์ซัม จำกัด
3208	PO2024110062
3209	PO2024110063
3210	PO2024110064
3211	PO2024110065
3212	PO2024110066
3213	PO2024110067
3214	PO2024110068
3215	PO2024110069
3216	PO2024110070
3217	PO2024110071
3218	PO2024110072
3219	PO2024110073
3220	PO2024110074
3221	PO2024110075
3222	PO2024110076
3223	PO2024110077
3224	PO2024110078
3225	PO2024110079
3226	PO2024110080
3227	PO2024110081
3228	PO2024110082
3229	PO2024110083
3230	PO2024110084
3231	PO2024110085
3232	PO2024110086
3233	PO2024110087
3234	PO2024110088
3235	PO2024110089
3236	PO2024110090
3237	PO2024110091
3238	PO2024110093
3239	PO2024110094
3240	PO2024110095
3241	PO2024110096
3242	PO2024110097
3243	PO2024110098
3244	PO2024110099
3245	PO2024110100
3246	PO2024110101
3247	PO2024110102
3248	PO2024110103
3249	PO2024110104
3250	PO2024110105
3251	PO2024110106
3252	PO2024110107
3253	PO2024110108
3254	PO2024110109
3255	PO2024110110
3256	PO2024110111
3257	PO2024110112
3258	PO2024110113
3259	PO2024110114
3260	PO2024110115
3261	PO2024110116
3262	PO2024110117
3263	PO2024110118
3264	PO2024110119
3265	PO2024110120
3266	PO2024110121
3267	PO2024110123
3268	PO2024110124
3269	PO2024110125
3270	PO2024110126
3271	PO2024110127
3272	PO2024110128
3273	PO2024110129
3274	PO2024110130
3275	PO2024110132
3276	PO2024110133
3277	PO2024110134
3278	PO2024110136
3279	PO2024110137
3280	PO2024110138
3281	PO2024110139
3282	PO2024110140
3283	PO2024110141
3284	PO2024110142
3285	PO2024110143
3286	PO2024110144
3287	PO2024110145
3288	PO2024110146
3289	PO2024110147
3290	PO2024110148
3291	PO2024110149
3292	PO2024110150
3293	PO2024110151
3294	PO2024110152
3295	PO2024110153
3296	PO2024110154
3297	PO2024110155
3298	PO2024110156
3299	PO2024110157
3300	PO2024110158
3301	PO2024110159
3302	PO2024110160
3303	PO2024110161
3304	PO2024110162
3305	PO2024110163
3306	PO2024110164
3307	PO2024110165
3308	PO2024110166
3309	PO2024110167
3310	PO2024110168
3311	PO2024110170
3312	PO2024110171
3313	PO2024110173
3314	PO2024110174
3315	PO2024110175
3316	PO2024110176
3317	PO2024110177
3318	PO2024110178
3319	PO2024110179
3320	PO2024110180
3321	PO2024110181
3322	PO2024110182
3323	PO2024110183
3324	PO2024110184
3325	PO2024110185
3326	PO2024110186
3327	PO2024110187
3328	PO2024110188
3329	PO2024110189
3330	PO2024110190
3331	PO2024110191
3332	PO2024110192
3333	PO2024110193
3334	PO2024110194
3335	PO2024110196
3336	PO2024110197
3337	PO2024110198
3338	PO2024110199
3339	PO2024110200
3340	PO2024110201
3341	PO2024110202
3342	PO2024110203
3343	PO2024110204
3344	PO2024110205
3345	PO2024110206
3346	PO2024110207
3347	PO2024110208
3348	PO2024110209
3349	PO2024110210
3350	PO2024110211
3351	PO2024110212
3352	PO2024110213
3353	PO2024110214
3354	PO2024110215
3355	PO2024110216
3356	PO2024110217
3357	PO2024110218
3358	PO2024110219
3359	PO2024110220
3360	PO2024110221
3361	PO2024110222
3362	PO2024110223
3363	PO2024110224
3364	PO2024110225
3365	PO2024110226
3366	PO2024110227
3367	PO2024110228
3368	PO2024110229
3369	PO2024110230
3370	PO2024110231
3371	PO2024110232
3372	PO2024110233
3373	PO2024110234
3374	PO2024110235
3375	PO2024110236
3376	PO2024110237
3377	PO2024110238
3378	PO2024110239
3379	PO2024110240
3380	PO2024110241
3381	PO2024110242
3382	PO2024110243
3383	CN
3384	PO2024110244
3385	PO2024110246
3386	PO2024110247
3387	PO2024110248
3388	PO2024110249
3389	PO2024110250
3390	PO2024110251
3391	PO2024110252
3392	PO2024110253
3393	PO2024110254
3394	PO2024110256
3395	PO2024110257
3396	PO2024110258
3397	PO2024110259
3398	PO2024110260
3399	PO2024110261
3400	PO2024110262
3401	PO2024110263
3402	PO2024110264
3403	PO2024110265
3404	PO2024110266
3405	PO2024110267
3406	SUP24-059
3407	บริษัท ดี.พี.เทรดดิ้ง  จำกัด
3408	PO2024110268
3409	PO2024110269
3410	PO2024110270
3411	PO2024110271
3412	PO2024110272
3413	PO2024110274
3414	PO2024110275
3415	PO2024110276
3416	PO2024110277
3417	PO2024110278
3418	PO2024110279
3419	PO2024110280
3420	PO2024110281
3421	PO2024110282
3422	PO2024110283
3423	PO2024110284
3424	PO2024110285
3425	PO2024110286
3426	PO2024110287
3427	PO2024110288
3428	PO2024110289
3429	PO2024110290
3430	PO2024110291
3431	PO2024110292
3432	PO2024110293
3433	PO2024110294
3434	PO2024110295
3435	PO2024110296
3436	PO2024110297
3437	PO2024110298
3438	PO2024110299
3439	PO2024110300
3440	PO2024110301
3441	PO2024110302
3442	PO2024110303
3443	PO2024110304
3444	PO2024110305
3445	PO2024110306
3446	PO2024110307
3447	PO2024110308
3448	PO2024110309
3449	SUP24-288
3450	บริษัท อิลลูสเปซ (ประเทศไทย)  จำกัด
3451	PO2024110310
3452	PO2024110311
3453	PO2024110312
3454	PO2024110313
3455	PO2024110314
3456	PO2024110315
3457	PO2024110316
3458	PO2024110317
3459	PO2024110318
3460	PO2024110319
3461	PO2024110320
3462	PO2024110321
3463	PO2024110322
3464	PO2024110323
3465	PO2024110324
3466	PO2024110325
3467	PO2024110326
3468	PO2024110327
3469	PO2024110328
3470	PO2024110329
3471	PO2024110330
3472	PO2024110331
3473	PO2024110332
3474	PO2024110333
3475	PO2024110334
3476	PO2024110335
3477	PO2024110336
3478	PO2024110337
3479	PO2024110338
3480	PO2024110339
3481	PO2024110341
3482	PO2024110342
3483	PO2024110343
3484	PO2024110344
3485	PO2024110345
3486	PO2024110346
3487	PO2024110347
3488	PO2024110348
3489	PO2024120001
3490	PO2024120002
3491	PO2024120003
3492	PO2024120004
3493	PO2024120006
3494	PO2024120007
3495	PO2024120008
3496	PO2024120009
3497	PO2024120010
3498	PO2024120011
3499	PO2024120012
3500	PO2024120013
3501	PO2024120014
3502	PO2024120015
3503	PO2024120016
3504	PO2024120017
3505	PO2024120018
3506	PO2024120019
3507	PO2024120020
3508	PO2024120021
3509	PO2024120022
3510	PO2024120023
3511	PO2024120024
3512	PO2024120025
3513	PO2024120026
3514	PO2024120028
3515	PO2024120029
3516	PO2024120030
3517	PO2024120032
3518	PO2024120033
3519	PO2024120034
3520	PO2024120035
3521	PO2024120036
3522	PO2024120037
3523	PO2024120038
3524	PO2024120039
3525	PO2024120040
3526	PO2024120041
3527	PO2024120042
3528	PO2024120043
3529	PO2024120044
3530	PO2024120045
3531	PO2024120046
3532	PO2024120047
3533	PO2024120048
3534	PO2024120049
3535	PO2024120050
3536	SUP24-562
3537	บริษัทหลักทรัพย์ กรุงศรี จำกัด (มหาชน)
3538	PO2024120051
3539	PO2024120052
3540	PO2024120053
3541	PO2024120054
3542	PO2024120055
3543	PO2024120056
3544	PO2024120057
3545	PO2024120058
3546	PO2024120059
3547	PO2024120060
3548	PO2024120061
3549	PO2024120062
3550	PO2024120063
3551	PO2024120064
3552	PO2024120065
3553	PO2024120066
3554	PO2024120067
3555	PO2024120068
3556	PO2024120069
3557	PO2024120070
3558	PO2024120071
3559	PO2024120072
3560	PO2024120073
3561	PO2024120074
3562	PO2024120075
3563	PO2024120077
3564	PO2024120078
3565	PO2024120079
3566	SUP24-089
3567	บริษัท ไทยโซลิดคอร์ปอเรชั่น  จำกัด
3568	PO2024120080
3569	PO2024120082
3570	PO2024120083
3571	PO2024120084
3572	PO2024120085
3573	PO2024120086
3574	PO2024120087
3575	PO2024120088
3576	SUP24-565
3577	บริษัท เจเค ทราฟฟิค จำกัด
3578	PO2024120089
3579	PO2024120090
3580	PO2024120091
3581	PO2024120092
3582	PO2024120093
3583	PO2024120094
3584	PO2024120095
3585	PO2024120096
3586	PO2024120097
3587	PO2024120098
3588	SUP24-567
3589	ธนาคารกรุงศรีอยุธยา จำกัด (มหาชน)
3590	PO2024120099
3591	LO-001
3592	เงินกู้-ธนาคารไทยเครดิต 
3593	PO2024120100
3594	PO2024120101
3595	PO2024120102
3596	PO2024120104
3597	PO2024120105
3598	PO2024120106
3599	PO2024120107
3600	PO2024120108
3601	PO2024120109
3602	PO2024120110
3603	PO2024120111
3604	PO2024120112
3605	PO2024120113
3606	PO2024120114
3607	PO2024120115
3608	PO2024120116
3609	PO2024120117
3610	PO2024120118
3611	PO2024120119
3612	PO2024120120
3613	PO2024120121
3614	PO2024120122
3615	PO2024120123
3616	PO2024120124
3617	PO2024120125
3618	PO2024120126
3619	PO2024120127
3620	PO2024120128
3621	PO2024120129
3622	PO2024120130
3623	PO2024120131
3624	PO2024120132
3625	PO2024120133
3626	PO2024120134
3627	PO2024120135
3628	PO2024120136
3629	PO2024120137
3630	PO2024120138
3631	PO2024120139
3632	PO2024120140
3633	PO2024120141
3634	PO2024120142
3635	PO2024120144
3636	SUP24-572
3637	บริษัท พี แอนด์ พี อีเล็คโทรนิคส์ จำกัด
3638	PO2024120145
3639	PO2024120146
3640	PO2024120147
3641	PO2024120148
3642	PO2024120149
3643	PO2024120150
3644	PO2024120151
3645	PO2024120152
3646	PO2024120153
3647	PO2024120154
3648	PO2024120155
3649	PO2024120156
3650	PO2024120157
3651	PO2024120158
3652	PO2024120159
3653	PO2024120160
3654	PO2024120162
3655	SUP24-575
3656	ห้างหุ้นส่วนจำกัด ซิสอินโฟร์ คอนเน็ค
3657	PO2024120163
3658	PO2024120164
3659	PO2024120165
3660	PO2024120166
3661	PO2024120167
3662	PO2024120168
3663	PO2024120169
3664	PO2024120170
3665	PO2024120171
3666	PO2024120172
3667	PO2024120173
3668	PO2024120174
3669	PO2024120176
3670	PO2024120177
3671	PO2024120178
3672	PO2024120179
3673	PO2024120180
3674	PO2024120181
3675	PO2024120182
3676	PO2024120183
3677	PO2024120184
3678	PO2024120185
3679	PO2024120187
3680	PO2024120188
3681	PO2024120189
3682	PO2024120190
3683	PO2024120191
3684	PO2024120192
3685	PO2024120193
3686	PO2024120194
3687	PO2024120195
3688	PO2024120196
3689	PO2024120197
3690	PO2024120198
3691	SUP24-337
3692	บริษัท แอดไวซ์ ไอที อินฟินิท จำกัด (มหาชน)
3693	PO2024120199
3694	PO2024120200
3695	PO2024120201
3696	PO2024120202
3697	PO2024120203
3698	PO2024120204
3699	PO2024120205
3700	PO2024120206
3701	PO2024120207
3702	PO2024120208
3703	PO2024120209
3704	SUP24-029
3705	บริษัท เจ.ไอ.บี.คอมพิวเตอร์ กรุ๊ป จำกัด
3706	PO2024120210
3707	PO2024120211
3708	PO2024120212
3709	PO2024120213
3710	PO2024120214
3711	PO2024120215
3712	PO2024120216
3713	SUP24-478
3714	บริษัท 4 มังกร จำกัด
3715	PO2024120217
3716	SUP24-157
3717	ห้างหุ้นส่วนจำกัด ภัทร สตีลเซ็นเตอร์
3718	PO2024120218
3719	PO2024120219
3720	PO2024120220
3721	SUP24-552
3722	บริษัท นิว ดอว์น จำกัด
3723	PO2024120221
3724	PO2024120222
3725	PO2024120223
3726	PO2024120224
3727	PO2024120225
3728	PO2024120226
3729	PO2024120227
3730	PO2024120228
3731	PO2024120229
3732	PO2024120230
3733	PO2024120231
3734	PO2024120232
3735	PO2024120233
3736	PO2024120234
3737	PO2024120235
3738	PO2024120236
3739	PO2024120237
3740	PO2024120238
3741	PO2024120239
3742	PO2024120240
3743	PO2024120241
3744	PO2024120242
3745	PO2024120243
3746	PO2024120244
3747	PO2024120245
3748	PO2024120246
3749	PO2024120247
3750	PO2024120248
3751	PO2024120249
3752	SUP24-579
3753	บริษัท อีไลฟ์ ซิสเต็มส์ จำกัด
3754	PO2024120250
3755	PO2024120251
3756	PO2024120252
3757	PO2024120253
3758	PO2024120254
3759	PO2024120255
3760	PO2024120256
3761	PO2024120257
3762	PO2024120258
3763	SUP24-092
3764	บริษัท  ที.เอส.ที.อินเตอร์ โปรดักส์  จำกัด
3765	PO2024120259
3766	PO2024120260
3767	PO2024120261
3768	PO2024120262
3769	PO2024120263
3770	PO2024120264
3771	SUP24-365
3772	บริษัท ออฟฟิศเมท (ไทย) จำกัด
3773	PO2024120265
3774	PO2024120266
3775	PO2024120267
3776	PO2024120268
3777	PO2024120270
3778	PO2024120271
3779	PO2024120272
3780	PO2024120273
3781	SUP24-582
3782	บริษัท บีซีแอล 2002 จำกัด
3783	PO2024120274
3784	PO2024120275
3785	PO2024120276
3786	PO2024120277
3787	PO2024120278
3788	PO2024120279
3789	PO2024120280
3790	SUP24-581
3791	เน็ต พาเลทไม้ &amp; พาเลทพลาสติก
3792	PO2024120281
3793	SUP24-467
3794	บริษัท ซี.เอส.กรุ๊ป จำกัด
3795	PO2024120282
3796	SUP24-183
3797	บริษัท รีมส์ แอนด์ โรลส์  จำกัด
3798	PO2024120283
3799	PO2024120284
3800	PO2024120285
3801	PO2024120286
3802	PO2024120287
3803	PO2024120288
3804	PO2024120289
3805	PO2024120290
3806	PO2024120291
3807	PO2024120292
3808	PO2024120293
3809	PO2024120295
3810	PO2024120296
3811	PO2024120297
3812	PO2024120298
3813	PO2024120299
3814	PO2024120300
3815	PO2024120301
3816	PO2024120302
3817	SUP24-584
3818	บริษัท อันเด้อร์ด๊อก คอลซัลติ้ง จำกัด
3819	PO2024120303
3820	SUP24-586
3821	บริษัท วี แวร์ริ่ง จำกัด
3822	PO2024120304
3823	PO25010001
3824	PO25010002
3825	PO25010003
3826	PO25010004
3827	PO25010005
3828	PO25010006
3829	DOSUP25010001
3830	บริษัท เอส พี วี ไอ จำกัด (มหาชน)
3831	PO25010007
3832	DOSUP25010002
3833	บริษัท เอสคอมเมิร์ซ (ประเทศไทย) จำกัด
3834	PO25010008
3835	PO25010009
3836	PO25010010
3837	PO25010011
3838	PO25010013
3839	PO25010014
3840	PO25010015
3841	SUP24-129
3842	ห้างหุ้นส่วนจำกัด โปรแวร์ซัพพลาย
3843	PO25010016
3844	PO25010017
3845	PO25010019
3846	PO25010020
3847	PO25010021
3848	PO25010022
3849	PO25010023
3850	PO25010024
3851	PO25010025
3852	PO25010026
3853	PO25010027
3854	PO25010028
3855	PO25010029
3856	PO25010030
3857	PO25010031
3858	PO25010033
3859	PO25010034
3860	PO25010035
3861	PO25010036
3862	DOSUP25010003
3863	บริษัท คาร์แทรค เทคโนโลยี (ไทยแลนด์) จำกัด
3864	PO25010037
3865	PO25010038
3866	PO25010039
3867	PO25010040
3868	PO25010042
3869	PO25010043
3870	PO25010044
3871	PO25010045
3872	SUP24-583
3873	บริษัท ปาป้า เระซิพิ่ สตูดิโอ จำกัด
3874	PO25010046
3875	PO25010047
3876	PO25010048
3877	PO25010049
3878	PO25010050
3879	PO25010051
3880	PO25010052
3881	PO25010053
3882	PO25010054
3883	PO25010055
3884	PO25010056
3885	PO25010057
3886	PO25010058
3887	PO25010059
3888	PO25010060
3889	PO25010061
3890	PO25010062
3891	PO25010064
3892	PO25010065
3893	PO25010066
3894	PO25010067
3895	PO25010068
3896	PO25010069
3897	PO25010070
3898	PO25010071
3899	PO25010072
3900	PO25010073
3901	PO25010074
3902	PS-03
3903	PO25010075
3904	PO25010076
3905	PO25010077
3906	PO25010078
3907	PO25010079
3908	PO25010080
3909	PO25010081
3910	PO25010082
3911	PO25010083
3912	PO25010084
3913	PO25010085
3914	PO25010086
3915	PO25010087
3916	PO25010088
3917	PO25010089
3918	PO25010090
3919	PO25010091
3920	PO25010092
3921	PO25010093
3922	PO25010094
3923	PO25010095
3924	PO25010096
3925	PO25010097
3926	PO25010098
3927	PO25010099
3928	PO25010100
3929	PO25010101
3930	PO25010102
3931	PO25010103
3932	PO25010104
3933	PO25010105
3934	PO25010106
3935	PO25010107
3936	PO25010108
3937	PO25010109
3938	PO25010110
3939	PO25010111
3940	PO25010112
3941	PO25010113
3942	PO25010115
3943	PO25010116
3944	PO25010117
3945	PO25010118
3946	PO25010119
3947	PO25010120
3948	PO25010121
3949	PO25010122
3950	PO25010123
3951	PO25010124
3952	PO25010125
3953	PO25010126
3954	PO25010127
3955	PO25010128
3956	PO25010129
3957	PO25010130
3958	PO25010131
3959	PO25010132
3960	PO25010133
3961	PO25010134
3962	PO25010135
3963	PO25010136
3964	PO25010137
3965	PO25010138
3966	PO25010140
3967	PO25010141
3968	PO25010142
3969	PO25010143
3970	PO25010144
3971	PO25010146
3972	PO25010147
3973	PO25010148
3974	PO25010149
3975	PO25010150
3976	PO25010151
3977	PO25010152
3978	PO25010153
3979	PO25010154
3980	PO25010155
3981	PO25010156
3982	PO25010157
3983	PO25010158
3984	PO25010159
3985	PO25010160
3986	PO25010161
3987	PO25010162
3988	PO25010163
3989	PO25010164
3990	PO25010165
3991	PO25010166
3992	PO25010167
3993	PO25010168
3994	PO25010169
3995	PO25010170
3996	PO25010171
3997	PO25010172
3998	PO25010173
3999	PO25010174
4000	DOSUP25010018
4001	ร้าน gujiabathroom
4002	PO25010175
4003	PO25010176
4004	PO25010177
4005	PO25010178
4006	PO25010179
4007	PO25010180
4008	PO25010181
4009	PO25010182
4010	PO25010183
4011	PO25010184
4012	PO25010185
4013	PO25010187
4014	PO25010188
4015	PO25010189
4016	PO25010190
4017	PO25010191
4018	PO25010192
4019	PO25010193
4020	PO25010194
4021	PO25010195
4022	PO25010196
4023	PO25010198
4024	PO25010199
4025	PO25010200
4026	PO25010201
4027	PO25010202
4028	PO25010203
4029	PO25010205
4030	PO25010206
4031	PO25010207
4032	PO25010208
4033	PO25010209
4034	PO25010210
4035	PO25010211
4036	PO25010212
4037	PO25010215
4038	PO25010216
4039	PO25010217
4040	PO25010218
4041	PO25010219
4042	PO25010220
4043	PO25010221
4044	PO25010222
4045	PO25010223
4046	PO25010224
4047	PO25010225
4048	PO25010226
4049	PO25010227
4050	PO25010228
4051	PO25010229
4052	PO25010230
4053	PO25010231
4054	PO25010232
4055	PO25010233
4056	PO25010234
4057	PO25010235
4058	PO25010237
4059	PO25010238
4060	PO25010239
4061	PO25010240
4062	PO25010241
4063	PO25010242
4064	PO25010243
4065	PO25010244
4066	PO25010245
4067	PO25010246
4068	PO25010247
4069	PO25010248
4070	PO25010249
4071	PO25010250
4072	PO25010251
4073	PO25010252
4074	PO25010253
4075	PO25010254
4076	PO25010255
4077	DOSUP25010031
4078	บริษัท เพาเวอร์บาย จำกัด
4079	PO25010256
4080	PO25010257
4081	DOSUP25010033
4082	บริษัท ไทยกิจ พริ้นติ้ง จำกัด
4083	PO25010258
4084	PO25010259
4085	PO25010260
4086	PO25010261
4087	PO25010262
4088	PO25010263
4089	PO25010264
4090	PO25010265
4091	PO25010266
4092	PO25010267
4093	PO25010268
4094	PO25010269
4095	PO25010270
4096	PO25010271
4097	PO25010272
4098	PO25010273
4099	PO25010274
4100	PO25010275
4101	PO25010276
4102	PO25010277
4103	PO25010278
4104	PO25010279
4105	PO25010280
4106	PO25010283
4107	PO25010284
4108	PO25010285
4109	PO25010286
4110	PO25010287
4111	PO25010288
4112	PO25010289
4113	PO25010290
4114	PO25010291
4115	PO25010292
4116	PO25010293
4117	DOSUP25010034
4118	บริษัท วีนิก กรุ๊ป จำกัด
4119	PO25010294
4120	DOSUP25010035
4121	นาย ชลมาศ ศิริโชติ
4122	PO25010295
4123	PO25010296
4124	PO25010297
4125	PO25010298
4126	PO25010299
4127	PO25010300
4128	PO25010301
4129	PO25010302
4130	PO25010303
4131	PO25010304
4132	PO25010305
4133	PO25010306
4134	PO25010307
4135	PO25010308
4136	PO25020001
4137	PO25020002
4138	PO25020003
4139	PO25020004
4140	PO25020005
4141	PO25020006
4142	PO25020007
4143	PO25020008
4144	PO25020009
4145	PO25020010
4146	PO25020011
4147	PO25020012
4148	PO25020013
4149	PO25020014
4150	PO25020017
4151	PO25020018
4152	PO25020019
4153	SUP24-088
4154	บริษัท ที.เอ็น.แม็คเน็ท เซ็นเตอร์  จำกัด
4155	PO25020020
4156	PO25020021
4157	PO25020022
4158	PO25020023
4159	PO25020024
4160	PO25020025
4161	PO25020026
4162	PO25020027
4163	PO25020028
4164	PO25020031
4165	PO25020032
4166	PO25020033
4167	PO25020035
4168	PO25020036
4169	PO25020037
4170	PO25020038
4171	PO25020040
4172	PO25020041
4173	PO25020042
4174	PO25020043
4175	PO25020044
4176	PO25020045
4177	PO25020046
4178	PO25020047
4179	PO25020048
4180	PO25020049
4181	PO25020050
4182	PO25020051
4183	PO25020052
4184	PO25020053
4185	PO25020054
4186	PO25020055
4187	PO25020056
4188	PO25020057
4189	PO25020058
4190	PO25020059
4191	PO25020060
4192	PO25020061
4193	PO25020062
4194	PO25020064
4195	PO25020066
4196	PO25020067
4197	PO25020070
4198	PO25020071
4199	PO25020072
4200	PO25020073
4201	PO25020074
4202	PO25020075
4203	PO25020076
4204	PO25020077
4205	PO25020078
4206	PO25020079
4207	PO25020080
4208	PO25020081
4209	PO25020082
4210	PO25020083
4211	PO25020084
4212	PO25020085
4213	PO25020086
4214	PO25020087
4215	PO25020088
4216	PO25020089
4217	PO25020090
4218	PO25020092
4219	PO25020093
4220	PO25020094
4221	PO25020095
4222	PO25020096
4223	PO25020097
4224	PO25020098
4225	PO25020099
4226	DOSUP25020011
4227	บริษัท คักอีหลี จำกัด
4228	PO25020100
4229	SUP24-448
4230	นายสมชาย  ภูมิแสน  (ร้าน ส.สิริพาณิชย์)
4231	PO25020101
4232	PO25020102
4233	PO25020103
4234	PO25020104
4235	PO25020105
4236	PO25020106
4237	PO25020107
4238	PO25020108
4239	PO25020109
4240	PO25020110
4241	PO25020111
4242	PO25020112
4243	PO25020113
4244	PO25020114
4245	PO25020115
4246	PO25020116
4247	PO25020117
4248	PO25020118
4249	PO25020119
4250	PO25020120
4251	PO25020121
4252	PO25020122
4253	PO25020123
4254	PO25020125
4255	PO25020126
4256	PO25020127
4257	PO25020128
4258	PO25020129
4259	PO25020130
4260	PO25020131
4261	PO25020132
4262	PO25020133
4263	PO25020134
4264	PO25020135
4265	PO25020136
4266	PO25020137
4267	PO25020138
4268	PO25020139
4269	PO25020140
4270	PO25020141
4271	PO25020142
4272	PO25020143
4273	PO25020144
4274	PO25020145
4275	PO25020146
4276	PO25020147
4277	PO25020148
4278	PO25020149
4279	PO25020150
4280	PO25020151
4281	PO25020152
4282	PO25020153
4283	PO25020154
4284	PO25020155
4285	PO25020156
4286	PO25020157
4287	PO25020158
4288	PO25020159
4289	PO25020160
4290	PO25020161
4291	PO25020162
4292	PO25020163
4293	PO25020164
4294	PO25020165
4295	PO25020166
4296	PO25020167
4297	PO25020168
4298	PO25020169
4299	PO25020170
4300	PO25020171
4301	PO25020172
4302	DOSUP25020012
4303	บริษัท โทเทิ่ล ไอที จำกัด
4304	PO25020173
4305	PO25020174
4306	PO25020175
4307	PO25020176
4308	PO25020177
4309	PO25020178
4310	PO25020179
4311	PO25020180
4312	PO25020181
4313	PO25020182
4314	PO25020183
4315	PO25020184
4316	PO25020185
4317	PO25020186
4318	PO25020187
4319	PO25020188
4320	PO25020189
4321	PO25020190
4322	PO25020191
4323	PO25020192
4324	PO25020193
4325	PO25020194
4326	PO25020195
4327	PO25020196
4328	PO25020197
4329	PO25020198
4330	PO25020199
4331	PO25020200
4332	PO25020201
4333	PO25020202
4334	PO25020203
4335	PO25020205
4336	DOSUP25020015
4337	บริษัท เอฟเวอร์เบส เทคโนโลยี (ประเทศไทย) จำกัด
4338	PO25020206
4339	PO25020207
4340	PO25020208
4341	PO25020209
4342	PO25020210
4343	PO25020211
4344	PO25020212
4345	PO25020214
4346	PO25020215
4347	PO25020216
4348	PO25020217
4349	PO25020218
4350	PO25020219
4351	PO25020221
4352	PO25020222
4353	PO25020223
4354	PO25020224
4355	PO25020225
4356	PO25020226
4357	PO25020227
4358	PO25020228
4359	PO25020229
4360	PO25020230
4361	PO25020231
4362	DOSUP25020014
4363	บริษัท ดีพาร์ทเม้นท์สโตร์ จำกัด
4364	PO25020233
4365	PO25020234
4366	PO25020235
4367	PO25020236
4368	PO25020238
4369	PO25020239
4370	TJ
4371	PO25020240
4372	PO25020241
4373	PO25020242
4374	PO25020243
4375	PO25020244
4376	PO25020245
4377	PO25020246
4378	PO25020247
4379	PO25020248
4380	PO25020249
4381	PO25020250
4382	PO25020251
4383	PO25020253
4384	PO25020254
4385	PO25020255
4386	PO25020256
4387	PO25020257
4388	PO25020258
4389	PO25020259
4390	PO25020260
4391	PO25020261
4392	PO25020262
4393	PO25020263
4394	PO25020264
4395	PO25020265
4396	PO25020266
4397	SUP24-174
4398	บริษัท ยู พี เทค คอร์ปอเรชั่น  จำกัด
4399	PO25020267
4400	PO25020268
4401	PO25020269
4402	PO25020270
4403	PO25020271
4404	PO25020272
4405	PO25020273
4406	PO25020274
4407	PO25020275
4408	PO25020276
4409	PO25020277
4410	PO25020280
4411	PO25020281
4412	PO25020282
4413	PO25020283
4414	PO25020284
4415	PO25020285
4416	PO25020286
4417	PO25020287
4418	PO25020288
4419	PO25020289
4420	PO25020290
4421	PO25020291
4422	PO25020292
4423	PO25020293
4424	PO25020294
4425	PO25020295
4426	PO25020296
4427	PO25030001
4428	PO25030002
4429	PO25030003
4430	PO25030004
4431	PO25030005
4432	PO25030006
4433	PO25030007
4434	PO25030008
4435	PO25030009
4436	PO25030010
4437	PO25030011
4438	PO25030012
4439	PO25030013
4440	PO25030014
4441	PO25030015
4442	PO25030016
4443	PO25030017
4444	DOSUP25030001
4445	สิงห์สยามสตีล (นาย สิงห์  อโนมกิติ)
4446	PO25030018
4447	PO25030019
4448	PO25030020
4449	PO25030021
4450	PO25030022
4451	PO25030023
4452	PO25030024
4453	PO25030025
4454	PO25030026
4455	PO25030027
4456	PO25030028
4457	PO25030029
4458	PO25030030
4459	PO25030031
4460	PO25030032
4461	PO25030033
4462	PO25030034
4463	PO25030035
4464	PO25030036
4465	PO25030037
4466	PO25030038
4467	PO25030039
4468	PO25030040
4469	PO25030041
4470	PO25030042
4471	PO25030043
4472	PO25030044
4473	PO25030045
4474	PO25030046
4475	PO25030047
4476	PO25030048
4477	PO25030049
4478	PO25030050
4479	PO25030051
4480	PO25030052
4481	DOSUP25030005
4482	ห้างหุ้นส่วนจำกัด แพนกรุงเทพโปรดักส์
4483	PO25030053
4484	PO25030054
4485	PO25030055
4486	DOSUP25030006
4487	บริษัท หลุยส์ ตี.เลียวโนเวนส์ (ประเทศไทย) จำกัด
4488	PO25030056
4489	PO25030057
4490	PO25030058
4491	PO25030059
4492	PO25030060
4493	PO25030061
4494	PO25030062
4495	PO25030063
4496	PO25030064
4497	PO25030065
4498	PO25030066
4499	PO25030067
4500	PO25030068
4501	PO25030069
4502	PO25030070
4503	PO25030071
4504	PO25030073
4505	PO25030074
4506	PO25030075
4507	PO25030076
4508	PO25030077
4509	PO25030078
4510	PO25030079
4511	PO25030080
4512	PO25030081
4513	PO25030082
4514	PO25030083
4515	PO25030084
4516	PO25030085
4517	PO25030086
4518	PO25030087
4519	PO25030088
4520	PO25030089
4521	PO25030090
4522	PO25030091
4523	PO25030092
4524	PO25030093
4525	PO25030094
4526	SUP24-079
4527	บริษัท ไทยอิเล็คทริคเวิร์ค  จำกัด
4528	PO25030095
4529	PO25030096
4530	PO25030097
4531	PO25030098
4532	PO25030099
4533	PO25030100
4534	PO25030101
4535	PO25030102
4536	PO25030103
4537	PO25030104
4538	PO25030105
4539	PO25030106
4540	PO25030107
4541	PO25030108
4542	PO25030109
4543	PO25030110
4544	PO25030111
4545	PO25030112
4546	PO25030113
4547	PO25030114
4548	PO25030116
4549	PO25030118
4550	PO25030119
4551	PO25030120
4552	PO25030121
4553	PO25030122
4554	PO25030123
4555	PO25030124
4556	PO25030125
4557	PO25030126
4558	PO25030127
4559	PO25030128
4560	PO25030130
4561	PO25030131
4562	PO25030132
4563	PO25030133
4564	PO25030134
4565	PO25030135
4566	PO25030136
4567	PO25030137
4568	PO25030138
4569	PO25030139
4570	PO25030140
4571	PO25030141
4572	PO25030142
4573	PO25030143
4574	PO25030145
4575	PO25030146
4576	PO25030147
4577	PO25030148
4578	PO25030149
4579	PO25030150
4580	PO25030151
4581	PO25030152
4582	PO25030153
4583	PO25030154
4584	PO25030155
4585	PO25030156
4586	PO25030157
4587	PO25030159
4588	PO25030160
4589	PO25030161
4590	PO25030162
4591	PO25030163
4592	PO25030164
4593	PO25030165
4594	PO25030166
4595	PO25030167
4596	PO25030168
4597	PO25030169
4598	PO25030170
4599	PO25030171
4600	PO25030172
4601	PO25030173
4602	PO25030175
4603	PO25030176
4604	PO25030177
4605	PO25030178
4606	PO25030179
4607	SUP24-031
4608	บริษัท เจริญมิตรเซลส์ แอนด์ เซอร์วิส (2533) จำกัด
4609	PO25030180
4610	PO25030181
4611	PO25030182
4612	PO25030183
4613	PO25030184
4614	PO25030186
4615	PO25030187
4616	PO25030188
4617	PO25030189
4618	PO25030190
4619	PO25030191
4620	PO25030192
4621	PO25030193
4622	PO25030194
4623	PO25030195
4624	PO25030196
4625	PO25030197
4626	PO25030198
4627	PO25030199
4628	PO25030200
4629	PO25030201
4630	PO25030202
4631	PO25030203
4632	PO25030204
4633	PO25030205
4634	PO25030206
4635	PO25030207
4636	PO25030208
4637	PO25030209
4638	PO25030210
4639	PO25030211
4640	PO25030212
4641	PO25030213
4642	PO25030214
4643	PO25030215
4644	PO25030216
4645	PO25030217
4646	PO25030218
4647	PO25030219
4648	PO25030220
4649	PO25030221
4650	PO25030222
4651	PO25030223
4652	PO25030225
4653	PO25030226
4654	PO25030227
4655	PO25030228
4656	PO25030229
4657	PO25030230
4658	PO25030231
4659	PO25030232
4660	PO25030233
4661	PO25030235
4662	PO25030236
4663	PO25030237
4664	PO25030238
4665	PO25030239
4666	PO25030240
4667	PO25030241
4668	PO25030242
4669	PO25030243
4670	PO25030244
4671	PO25030245
4672	PO25030246
4673	PO25030247
4674	PO25030248
4675	PO25030249
4676	PO25030250
4677	PO25030251
4678	PO25030252
4679	PO25030253
4680	PO25030254
4681	PO25030256
4682	PO25030257
4683	PO25030258
4684	PO25030259
4685	PO25030260
4686	PO25030261
4687	PO25030262
4688	PO25030263
4689	PO25030264
4690	PO25030265
4691	PO25030266
4692	PO25030268
4693	PO25030269
4694	PO25030270
4695	PO25030271
4696	PO25030272
4697	PO25030273
4698	PO25030274
4699	PO25030275
4700	PO25030276
4701	PO25030277
4702	PO25030278
4703	PO25030279
4704	PO25030280
4705	PO25030281
4706	PO25030283
4707	PO25030284
4708	PO25030285
4709	PO25030286
4710	PO25030287
4711	PO25030288
4712	PO25030289
4713	PO25030290
4714	PO25030291
4715	PO25030292
4716	PO25030293
4717	PO25030294
4718	PO25030295
4719	PO25030296
4720	PO25030297
4721	PO25030298
4722	PO25030299
4723	PO25030300
4724	PO25030301
4725	PO25030302
4726	PO25030303
4727	PO25030304
4728	PO25030305
4729	PO25030306
4730	PO25030307
4731	PO25030308
4732	PO25030309
4733	PO25030310
4734	PO25030311
4735	PO25030312
4736	PO25030313
4737	PO25030314
4738	PO25030315
4739	PO25030316
4740	PO25030317
4741	PO25030318
4742	PO25030319
4743	PO25030320
4744	PO25030321
4745	PO25030322
4746	PO25030323
4747	PO25030324
4748	PO25030326
4749	PO25030327
4750	PO25030328
4751	PO25030329
4752	PO25030330
4753	PO25030331
4754	PO25030332
4755	PO25030333
4756	PO25030334
4757	PO25030335
4758	PO25030336
4759	PO25030337
4760	PO25030338
4761	PO25030339
4762	PO25030340
4763	PO25030341
4764	PO25030342
4765	PO25030343
4766	PO25030344
4767	PO25030345
4768	SUP24-188
4769	บริษัท ไลท์ติ้งเฮ้าส์ (ทองหล่อ)  จำกัด
4770	PO25030346
4771	PO25030347
4772	PO25030348
4773	PO25030349
4774	PO25030350
4775	PO25030351
4776	PO25030352
4777	PO25030353
4778	PO25030354
4779	PO25030355
4780	PO25030356
4781	PO25030357
4782	PO25040001
4783	PO25040002
4784	PO25040003
4785	PO25040004
4786	PO25040005
4787	PO25040006
4788	PO25040007
4789	PO25040008
4790	PO25040009
4791	PO25040011
4792	PO25040012
4793	PO25040013
4794	PO25040014
4795	PO25040015
4796	PO25040016
4797	PO25040017
4798	PO25040018
4799	PO25040019
4800	PO25040020
4801	PO25040021
4802	PO25040022
4803	PO25040023
4804	PO25040024
4805	PO25040025
4806	PO25040026
4807	PO25040027
4808	PO25040028
4809	PO25040029
4810	PO25040030
4811	PO25040031
4812	PO25040032
4813	PO25040033
4814	PO25040034
4815	PO25040035
4816	PO25040036
4817	PO25040037
4818	PO25040038
4819	PO25040039
4820	PO25040040
4821	PO25040041
4822	PO25040042
4823	PO25040043
4824	PO25040044
4825	PO25040045
4826	PO25040046
4827	PO25040047
4828	PO25040048
4829	PO25040049
4830	PO25040050
4831	PO25040051
4832	PO25040052
4833	PO25040053
4834	PO25040054
4835	PO25040055
4836	PO25040056
4837	PO25040057
4838	DOSUP25040003
4839	บริษัท มาสเตอร์ ฟอร์ม อินดัสตรี้ จำกัด
4840	PO25040058
4841	PO25040059
4842	PO25040060
4843	PO25040061
4844	PO25040062
4845	PO25040063
4846	PO25040064
4847	PO25040065
4848	PO25040066
4849	PO25040067
4850	PO25040068
4851	PO25040069
4852	PO25040070
4853	PO25040071
4854	PO25040072
4855	PO25040073
4856	PO25040074
4857	PO25040076
4858	PO25040077
4859	PO25040078
4860	PO25040079
4861	PO25040080
4862	PO25040081
4863	PO25040082
4864	PO25040083
4865	PO25040084
4866	PO25040085
4867	PO25040086
4868	PO25040087
4869	PO25040088
4870	PO25040089
4871	PO25040090
4872	PO25040091
4873	PO25040092
4874	PO25040093
4875	PO25040094
4876	PO25040095
4877	PO25040096
4878	PO25040097
4879	PO25040098
4880	PO25040099
4881	PO25040100
4882	PO25040101
4883	PO25040102
4884	PO25040103
4885	PO25040104
4886	PO25040105
4887	PO25040106
4888	PO25040107
4889	PO25040108
4890	PO25040109
4891	PO25040110
4892	PO25040111
4893	PO25040112
4894	PO25040113
4895	PO25040114
4896	PO25040116
4897	PO25040117
4898	PO25040118
4899	PO25040119
4900	PO25040120
4901	PO25040121
4902	PO25040122
4903	PO25040123
4904	PO25040124
4905	PO25040125
4906	PO25040127
4907	PO25040128
4908	PO25040129
4909	PO25040130
4910	PO25040131
4911	PO25040132
4912	PO25040133
4913	PO25040134
4914	PO25040135
4915	PO25040136
4916	PO25040137
4917	PO25040138
4918	PO25040139
4919	PO25040140
4920	PO25040141
4921	PO25040142
4922	PO25040143
4923	PO25040144
4924	PO25040145
4925	PO25040146
4926	PO25040147
4927	PO25040148
4928	PO25040149
4929	PO25040150
4930	PO25040151
4931	PO25040152
4932	PO25040153
4933	PO25040154
4934	PO25040155
4935	PO25040156
4936	PO25040157
4937	PO25040158
4938	PO25040159
4939	PO25040160
4940	PO25040161
4941	PO25040162
4942	PO25040163
4943	PO25040164
4944	PO25040165
4945	PO25040166
4946	PO25040167
4947	PO25040168
4948	PO25040169
4949	PO25040170
4950	PO25040172
4951	PO25040173
4952	PO25040174
4953	PO25040175
4954	PO25040176
4955	PO25040177
4956	PO25040178
4957	PO25040179
4958	PO25040180
4959	PO25040181
4960	PO25040182
4961	PO25040183
4962	PO25040184
4963	PO25040185
4964	PO25040186
4965	PO25040187
4966	PO25040188
4967	PO25040189
4968	PO25040190
4969	PO25040191
4970	PO25040192
4971	PO25040193
4972	PO25040194
4973	PO25040195
4974	PO25040196
4975	PO25040197
4976	PO25040198
4977	PO25040199
4978	PO25040200
4979	PO25040201
4980	PO25040202
4981	PO25040203
4982	PO25040204
4983	PO25040205
4984	PO25040206
4985	PO25040207
4986	PO25040208
4987	PO25040209
4988	PO25040210
4989	PO25040211
4990	PO25040212
4991	PO25040213
4992	PO25040214
4993	PO25040215
4994	PO25040216
4995	PO25040217
4996	PO25040218
4997	PO25040219
4998	PO25040220
4999	PO25040221
5000	PO25040222
5001	SUP24-179
5002	บริษัท ริชไลน์ เทคโนโลยี  จำกัด
5003	PO25040223
5004	PO25040224
5005	PO25040225
5006	PO25040226
5007	DOSUP25040014
5008	บริษัท ไทโย เฟอร์นิเทค จำกัด
5009	PO25040227
5010	PO25040228
5011	PO25040229
5012	PO25040230
5013	PO25040231
5014	PO25040232
5015	PO25040233
5016	PO25040234
5017	PO25040235
5018	PO25040236
5019	PO25040237
5020	PO25040238
5021	PO25040239
5022	PO25040240
5023	PO25040241
5024	PO25040242
5025	PO25040243
5026	PO25040244
5027	WH1-B2
5028	PO25040245
5029	PO25040247
5030	PO25040248
5031	PO25040249
5032	PO25040250
5033	PO25040251
5034	PO25040252
5035	PO25040253
5036	PO25040255
5037	PO25040256
5038	PO25040257
5039	PO25040258
5040	PO25040260
5041	PO25040261
5042	PO25040262
5043	PO25040263
5044	PO25040264
5045	PO25040265
5046	PO25040266
5047	PO25040267
5048	PO25040268
5049	PO25040269
5050	PO25040270
5051	PO25040271
5052	PO25040272
5053	PO25040273
5054	PO25040274
5055	PO25040275
5056	PO25040276
5057	PO25040277
5058	PO25040278
5059	PO25040279
5060	PO25040280
5061	PO25040281
5062	PO25040282
5063	PO25040283
5064	PO25040284
5065	SUP24-290
5066	บริษัท เอส.อาร์ พีอี กรุ๊ป  จำกัด
5067	PO25040285
5068	PO25040286
5069	PO25040287
5070	PO25040288
5071	PO25040289
5072	PO25040290
5073	PO25040291
5074	PO25040292
5075	PO25040293
5076	PO25040294
5077	PO25040295
5078	PO25040296
5079	PO25040297
5080	PO25040298
5081	PO25040299
5082	PO25040300
5083	PO25040301
5084	PO25040302
5085	PO25040303
5086	PO25040304
5087	PO25040305
5088	PO25040306
5089	PO25040307
5090	DOSUP25040021
5091	บริษัท รุ่งเรืองทรัพย์ไพศาล แอนด์ เซอร์วิส จำกัด
5092	PO25040308
5093	PO25040309
5094	PO25040310
5095	PO25040312
5096	PO25040313
5097	PO25040314
5098	PO25040315
5099	PO25040316
5100	PO25040317
5101	PO25040318
5102	PO25040319
5103	PO25040320
5104	PO25040321
5105	PO25040322
5106	PO25040323
5107	PO25040324
5108	PO25040325
5109	PO25050001
5110	PO25050003
5111	PO25050004
5112	PO25050005
5113	PO25050006
5114	PO25050007
5115	PO25050008
5116	PO25050009
5117	PO25050010
5118	PO25050011
5119	PO25050012
5120	PO25050013
5121	PO25050014
5122	PO25050015
5123	PO25050017
5124	PO25050018
5125	PO25050019
5126	PO25050020
5127	PO25050021
5128	PO25050022
5129	PO25050023
5130	PO25050024
5131	PO25050025
5132	PO25050026
5133	PO25050027
5134	PO25050028
5135	PO25050030
5136	PO25050031
5137	PO25050032
5138	PO25050033
5139	PO25050034
5140	PO25050035
5141	PO25050036
5142	PO25050037
5143	PO25050038
5144	PO25050039
5145	PO25050040
5146	PO25050041
5147	PO25050042
5148	PO25050043
5149	PO25050044
5150	PO25050045
5151	PO25050046
5152	PO25050047
5153	PO25050048
5154	PO25050049
5155	PO25050050
5156	PO25050051
5157	PO25050052
5158	PO25050053
5159	PO25050054
5160	PO25050055
5161	PO25050056
5162	PO25050057
5163	PO25050058
5164	PO25050059
5165	PO25050060
5166	PO25050061
5167	PO25050062
5168	PO25050064
5169	PO25050065
5170	PO25050066
5171	PO25050067
5172	PO25050068
5173	PO25050069
5174	PO25050070
5175	PO25050071
5176	PO25050072
5177	PO25050073
5178	PO25050074
5179	PO25050075
5180	PO25050076
5181	PO25050077
5182	PO25050078
5183	PO25050079
5184	PO25050080
5185	PO25050081
5186	PO25050082
5187	PO25050083
5188	PO25050084
5189	PO25050085
5190	DOSUP25050004
5191	บริษัท ซุปเปอร์เซฟ ไลท์ติ้ง จำกัด
5192	PO25050086
5193	PO25050087
5194	PO25050089
5195	PO25050090
5196	PO25050091
5197	PO25050092
5198	PO25050093
5199	PO25050094
5200	PO25050095
5201	PO25050096
5202	PO25050097
5203	DOSUP25050005
5204	ร้านอัศวศิลป์ (นาย อัศวิน  มั่นธนะกิจ ) 
5205	PO25050098
5206	PO25050099
5207	PO25050100
5208	PO25050101
5209	PO25050102
5210	PO25050103
5211	PO25050104
5212	PO25050105
5213	PO25050106
5214	PO25050107
5215	PO25050108
5216	PO25050109
5217	PO25050110
5218	PO25050111
5219	DOSUP25050006
5220	บริษัท ซี ไฮเทค โซลูชั่น จำกัด
5221	PO25050112
5222	PO25050113
5223	PO25050114
5224	PO25050115
5225	PO25050116
5226	PO25050117
5227	PO25050118
5228	PO25050119
5229	PO25050120
5230	PO25050121
5231	PO25050122
5232	PO25050123
5233	PO25050124
5234	PO25050125
5235	PO25050126
5236	PO25050127
5237	PO25050128
5238	PO25050130
5239	PO25050131
5240	PO25050132
5241	PO25050133
5242	PO25050134
5243	PO25050135
5244	PO25050136
5245	PO25050137
5246	PO25050138
5247	PO25050139
5248	PO25050140
5249	PO25050141
5250	PO25050142
5251	PO25050143
5252	PO25050144
5253	PO25050145
5254	PO25050146
5255	PO25050147
5256	PO25050148
5257	PO25050149
5258	PO25050150
5259	PO25050151
5260	PO25050152
5261	PO25050153
5262	PO25050154
5263	PO25050155
5264	PO25050156
5265	PO25050157
5266	PO25050158
5267	PO25050159
5268	PO25050160
5269	PO25050161
5270	PO25050162
5271	PO25050163
5272	PO25050164
5273	PO25050165
5274	PO25050166
5275	SUP24-493
5276	บริษัท ซอฟต์เทรด จำกัด
5277	PO25050167
5278	PO25050168
5279	PO25050169
5280	PO25050171
5281	PO25050172
5282	PO25050173
5283	PO25050174
5284	PO25050175
5285	PO25050176
5286	PO25050177
5287	PO25050178
5288	PO25050179
5289	PO25050180
5290	PO25050181
5291	PO25050182
5292	PO25050183
5293	PO25050184
5294	PO25050185
5295	PO25050186
5296	PO25050187
5297	PO25050189
5298	PO25050190
5299	PO25050192
5300	PO25050193
5301	PO25050194
5302	PO25050195
5303	PO25050196
5304	PO25050198
5305	PO25050199
5306	PO25050200
5307	PO25050201
5308	PO25050202
5309	PO25050203
5310	PO25050205
5311	PO25050206
5312	PO25050207
5313	PO25050209
5314	PO25050210
5315	PO25050211
5316	PO25050212
5317	PO25050213
5318	PO25050214
5319	PO25050215
5320	PO25050216
5321	PO25050217
5322	DOSUP25050013
5323	บริษัท เพิ่มมิตรกรุ๊ป จำกัด	
5324	PO25050218
5325	PO25050219
5326	PO25050220
5327	PO25050221
5328	PO25050222
5329	PO25050223
5330	PO25050224
5331	PO25050225
5332	PO25050226
5333	PO25050227
5334	PO25050228
5335	PO25050229
5336	PO25050230
5337	PO25050231
5338	PO25050232
5339	PO25050233
5340	PO25050234
5341	PO25050235
5342	PO25050236
5343	PO25050237
5344	PO25050238
5345	PO25050239
5346	PO25050240
5347	PO25050242
5348	PO25050243
5349	PO25050244
5350	PO25050245
5351	PO25050246
5352	PO25050247
5353	PO25050248
5354	PO25050249
5355	PO25050250
5356	PO25050251
5357	DOSUP25050014
5358	ห้างหุ้นส่วนจำกัด แสงเกษม การไฟฟ้า 
5359	PO25050252
5360	PO25050253
5361	PO25050254
5362	PO25050255
5363	PO25050256
5364	PO25050257
5365	PO25050258
5366	PO25050259
5367	PO25050260
5368	PO25050261
5369	PO25050263
5370	PO25050264
5371	PO25050265
5372	PO25050266
5373	PO25050267
5374	PO25050268
5375	PO25050269
5376	PO25050270
5377	PO25050271
5378	PO25050272
5379	PO25050273
5380	PO25050274
5381	PO25050275
5382	PO25050276
5383	PO25050277
5384	PO25050278
5385	PO25050279
5386	PO25050280
5387	PO25050281
5388	PO25050282
5389	PO25050283
5390	PO25050284
5391	PO25050285
5392	PO25050286
5393	PO25050287
5394	PO25050288
5395	PO25050289
5396	PO25050290
5397	PO25050291
5398	PO25050292
5399	PO25050293
5400	PO25050294
5401	PO25050295
5402	PO25050296
5403	PO25050297
5404	PO25050298
5405	DOSUP25050012
5406	บริษัท บีบี เอ็นจิเนีย กรุ๊ป จำกัด
5407	PO25050299
5408	PO25050300
5409	PO25050301
5410	PO25050302
5411	PO25050303
5412	PO25050304
5413	PO25050305
5414	PO25050306
5415	PO25050307
5416	PO25050308
5417	PO25050309
5418	PO25050310
5419	PO25050311
5420	PO25050312
5421	PO25050313
5422	PO25050314
5423	PO25050315
5424	PO25050316
5425	SUP24-096
5426	บริษัท ธีรกิจ อิเล็คทริค โซลูชั่น  จำกัด
5427	PO25050317
5428	PO25050318
5429	PO25050319
5430	PO25050320
5431	PO25050321
5432	PO25050322
5433	PO25050323
5434	PO25050324
5435	PO25050325
5436	PO25050326
5437	PO25050327
5438	PO25050328
5439	PO25050329
5440	PO25050330
5441	PO25050331
5442	PO25050332
5443	PO25050333
5444	PO25050334
5445	PO25050335
5446	PO25050337
5447	PO25050338
5448	PO25050339
5449	PO25050340
5450	PO25050341
5451	PO25050342
5452	PO25050343
5453	PO25050344
5454	PO25050345
5455	PO25050346
5456	PO25050347
5457	PO25050348
5458	PO25050349
5459	PO25050350
5460	PO25050351
5461	PO25050352
5462	PO25050354
5463	PO25050355
5464	PO25050356
5465	PO25050357
5466	PO25050358
5467	PO25050359
5468	SUP24-061
5469	 บริษัทดีเอชแอล เอ๊กซ์เพรส อินเตอร์เนชั่นแนล (ประเทศไทย) จำกัด 
5470	PO25050360
5471	PO25050361
5472	PO25050362
5473	DOSUP25030027
5474	บริษัท วินแชนซ์ อินดัสตรีส์ จำกัด
5475	PO25050363
5476	SUP24-150
5477	บริษัท ไฟฟ้าแสงสว่าง  จำกัด
5478	PO25050364
5479	PO25050365
5480	DOSUP25050017
5481	ห้างหุ้นส่วนจำกัด ฐิติรัตน์ เซอร์วิส แอนด์ เทรดดิ้ง
5482	PO25050366
5483	DOSUP25050021
5484	บริษัท นาดา อินเตอร์กรุ๊ป จำกัด
5485	ACC
5486	PO25050367
5487	DOSUP25050022
5488	ห้างหุ้นส่วนจำกัด นครไทยอุปกรณ์
5489	PO25060001
5490	PO25060002
5491	PO25060003
5492	PO25060004
5493	PO25060005
5494	PO25060006
5495	PO25060007
5496	PO25060008
5497	PO25060009
5498	PO25060010
5499	PO25060011
5500	PO25060012
5501	DOSUP25060001
5502	บริษัท ไฮเฮาส์ ไลท์ติ้ง จำกัด
5503	PO25060013
5504	PO25060014
5505	PO25060015
5506	PO25060016
5507	SUP24-122
5508	บริษัท บีเคพี อิเล็คตริก  จำกัด
5509	PO25060017
5510	PO25060018
5511	PO25060019
5512	PO25060020
5513	PO25060021
5514	PO25060023
5515	SUP24-013
5516	บริษัท เค-อิน เอ็นจิเนียริ่ง แอนด์ สวิทซ์บอร์ด จำกัด
5517	PO25060024
5518	PO25060025
5519	PO25060026
5520	PO25060027
5521	PO25060028
5522	PO25060029
5523	PO25060030
5524	PO25060031
5525	PO25060032
5526	PO25060033
5527	PO25060034
5528	PO25060035
5529	PO25060036
5530	PO25060037
5531	PO25060038
5532	PO25060039
5533	PO25060040
5534	PO25060041
5535	PO25060043
5536	DOSUP25060004
5537	นาย ธีรพงษ์ ปรีชาพูด
5538	PO25060044
5539	PO25060045
5540	PO25060046
5541	PO25060047
5542	PO25060049
5543	PO25060050
5544	PO25060051
5545	PO25060052
5546	PO25060053
5547	PO25060054
5548	PO25060056
5549	PO25060057
5550	PO25060058
5551	PO25060059
5552	PO25060060
5553	PO25060061
5554	PO25060062
5555	PO25060063
5556	PO25060064
5557	PO25060065
5558	PO25060066
5559	PO25060067
5560	PO25060068
5561	PO25060069
5562	PO25060070
5563	PO25060071
5564	PO25060072
5565	PO25060073
5566	PO25060074
5567	PO25060075
5568	PO25060076
5569	PO25060077
5570	PO25060078
5571	PO25060079
5572	PO25060080
5573	PO25060081
5574	PO25060082
5575	PO25060083
5576	PO25060084
5577	PO25060085
5578	PO25060086
5579	PO25060087
5580	PO25060088
5581	PO25060089
5582	PO25060090
5583	PO25060091
5584	PO25060092
5585	PO25060094
5586	PO25060095
5587	PO25060096
5588	PO25060097
5589	PO25060098
5590	PO25060099
5591	PO25060100
5592	PO25060101
5593	PO25060102
5594	PO25060103
5595	PO25060104
5596	PO25060105
5597	PO25060106
5598	SUP24-012
5599	บริษัท เค ไล้ท์ติ้ง โฮม  จำกัด
5600	PO25060107
5601	PO25060108
5602	PO25060109
5603	PO25060110
5604	PO25060111
5605	PO25060112
5606	PO25060113
5607	PO25060114
5608	PO25060115
5609	PO25060116
5610	PO25060117
5611	PO25060118
5612	PO25060119
5613	PO25060120
5614	PO25060121
5615	DOSUP25060005
5616	บริษัท มหพงษ์บรรจุภัณฑ์ จำกัด
5617	PO25060122
5618	PO25060123
5619	PO25060124
5620	PO25060125
5621	PO25060126
5622	PO25060127
5623	PO25060128
5624	PO25060129
5625	PO25060130
5626	PO25060131
5627	PO25060132
5628	PO25060133
5629	PO25060134
5630	PO25060135
5631	PO25060136
5632	PO25060137
5633	PO25060139
5634	PO25060140
5635	PO25060141
5636	PO25060142
5637	PO25060143
5638	PO25060144
5639	PO25060145
5640	PO25060146
5641	PO25060147
5642	PO25060148
5643	PO25060149
5644	PO25060150
5645	PO25060151
5646	PO25060153
5647	PO25060154
5648	PO25060155
5649	PO25060156
5650	PO25060157
5651	PO25060158
5652	PO25060159
5653	PO25060160
5654	PO25060161
5655	PO25060162
5656	PO25060163
5657	PO25060164
5658	PO25060165
5659	PO25060166
5660	PO25060168
5661	SI
5662	PO25060169
5663	PO25060170
5664	PO25060171
5665	PO25060172
5666	PO25060173
5667	PO25060174
5668	PO25060175
5669	PO25060176
5670	PO25060177
5671	PO25060178
5672	PO25060179
5673	PO25060180
5674	PO25060181
5675	PO25060182
5676	SUP24-208
5677	บริษัท วรรธนา อินดัสเทรียล  จำกัด
5678	PO25060183
5679	PO25060184
5680	PO25060186
5681	PO25060188
5682	PO25060189
5683	PO25060190
5684	PO25060191
5685	PO25060192
5686	PO25060193
5687	PO25060194
5688	PO25060195
5689	PO25060196
5690	PO25060197
5691	PO25060198
5692	PO25060199
5693	PO25060200
5694	PO25060201
5695	PO25060202
5696	PO25060203
5697	PO25060204
5698	PO25060205
5699	PO25060206
5700	PO25060207
5701	PO25060209
5702	PO25060210
5703	PO25060211
5704	PO25060212
5705	PO25060213
5706	PO25060214
5707	PO25060215
5708	PO25060216
5709	PO25060217
5710	PO25060218
5711	PO25060219
5712	PO25060220
5713	PO25060221
5714	PO25060222
5715	PO25060223
5716	PO25060225
5717	PO25060226
5718	PO25060228
5719	PO25060229
5720	PO25060230
5721	PO25060231
5722	PO25060232
5723	PO25060234
5724	PO25060235
5725	PO25060236
5726	PO25060237
5727	PO25060238
5728	PO25060239
5729	PO25060240
5730	PO25060241
5731	PO25060242
5732	PO25060243
5733	PO25060244
5734	PO25060245
5735	PO25060246
5736	PO25060247
5737	PO25060248
5738	PO25060249
5739	PO25060250
5740	PO25060251
5741	PO25060252
5742	PO25060253
5743	PO25060254
5744	PO25060255
5745	DOSUP25060007
5746	นาย อาวร ทองสุข
5747	PO25060256
5748	PO25060257
5749	PO25060258
5750	PO25060259
5751	PO25060260
5752	PO25060261
5753	PO25060262
5754	PO25060263
5755	PO25060264
5756	DOSUP25060008
5757	บริษัท สหชัยโปรโมชั่น จำกัด
5758	PO25060265
5759	PO25060266
5760	PO25060267
5761	PO25060268
5762	PO25060269
5763	PO25060270
5764	PO25060271
5765	PO25060272
5766	PO25060273
5767	PO25060274
5768	PO25060275
5769	PO25060276
5770	PO25060277
5771	PO25060278
5772	PO25060279
5773	PO25060280
5774	PO25060281
5775	PO25060282
5776	PO25060283
5777	PO25060284
5778	PO25060285
5779	PO25060286
5780	PO25060287
5781	PO25060288
5782	PO25060289
5783	PO25060290
5784	PO25060291
5785	PO25060292
5786	PO25060293
5787	PO25060294
5788	PO25060295
5789	PO25060296
5790	PO25060297
5791	PO25060298
5792	PO25060299
5793	PO25060300
5794	PO25060301
5795	PO25060302
5796	PO25060303
5797	PO25060304
5798	SUP24-265
5799	บริษัท อินเตอร์ไลท์ ไลท์ติ้ง  จำกัด
5800	PO25060305
5801	PO25060306
5802	PO25060307
5803	PO25060308
5804	PO25060309
5805	PO25060310
5806	PO25060311
5807	PO25060312
5808	PO25060313
5809	PO25060314
5810	PO25060315
5811	PO25060316
5812	PO25060317
5813	PO25060318
5814	HO689
5815	PO25060319
5816	PO25060320
5817	PO25060321
5818	PO25060322
5819	PO25060323
5820	PO25060324
5821	PO25060325
5822	PO25060326
5823	PO25060327
5824	PO25060328
5825	PO25060329
5826	PO25060330
5827	PO25060331
5828	PO25060332
5829	PO25060333
5830	PO25060334
5831	PO25060335
5832	PO25060336
5833	PO25060338
5834	PO25060339
5835	PO25060340
5836	PO25060341
5837	PO25060342
5838	PO25060343
5839	PO25060345
5840	DOSUP25060011
5841	ห้างหุ้นส่วนจำกัด เอ.เอส.เอ็ม.ซัพพลายแอนเอ็นจิเนียริ่ง
5842	PO25060346
5843	PO25060347
5844	PO25060348
5845	PO25060349
5846	PO25060350
5847	PO25060351
5848	PO25060352
5849	PO25060353
5850	PO25060354
5851	PO25060355
5852	PO25060356
5853	PO25060357
5854	PO25060358
5855	PO25060359
5856	PO25060360
5857	PO25060361
5858	PO25060362
5859	PO25060363
5860	PO25060364
5861	PO25060365
5862	PO25060366
5863	PO25060368
5864	PO25060369
5865	PO25060370
5866	PO25060371
5867	PO25060372
5868	PO25060373
5869	PO25060374
5870	PO25060375
5871	PO25060376
5872	PO25060377
5873	PO25060378
5874	PO25060379
5875	PO25060380
5876	PO25060381
5877	SUP24-441
5878	บริษัท ว.เกียรติ แอนด์ ฟูจิ จำกัด
5879	PO25060382
5880	PO25060383
5881	PO25060384
5882	PO25060385
5883	PO25060386
5884	PO25060387
5885	PO25060388
5886	PO25060389
5887	PO25060390
5888	PO25060391
5889	PO25060392
5890	PO25060393
5891	PO25060394
5892	PO25060395
5893	PO25060396
5894	PO25060397
5895	PO25060398
5896	PO25060399
5897	PO25060400
5898	PO25060402
5899	PO25060403
5900	PO25060404
5901	PO25060405
5902	PO25070001
5903	PO25070002
5904	PO25070003
5905	PO25070004
5906	PO25070006
5907	PO25070007
5908	PO25070008
5909	PO25070009
5910	PO25070010
5911	PO25070011
5912	PO25070012
5913	PO25070013
5914	PO25070014
5915	PO25070015
5916	PO25070016
5917	PO25070017
5918	DOSUP25070001
5919	บริษัท แอมโป ไมโครซิส จำกัด
5920	PO25070018
5921	PO25070019
5922	PO25070020
5923	PO25070021
5924	PO25070022
5925	SUP24-518
5926	บริษัท ดี.ดี.อุตสาหกรรมเครื่องเรือน (ประเทศไทย) จำกัด
5927	Pending Prepayment
5928	PO25070023
5929	PO25070024
5930	PO25070025
5931	PO25070026
5932	PO25070027
5933	PO25070028
5934	PO25070029
5935	PO25070030
5936	PO25070031
5937	PO25070032
5938	PO25070033
5939	PO25070034
5940	PO25070035
5941	PO25070036
5942	PO25070037
5943	PO25070039
5944	PO25070040
5945	PO25070041
5946	PO25070042
5947	PO25070043
5948	PO25070044
5949	PO25070045
5950	PO25070046
5951	PO25070047
5952	PO25070048
5953	PO25070049
5954	PO25070050
5955	PO25070051
5956	PO25070052
5957	PO25070053
5958	PO25070054
5959	PO25070055
5960	PO25070056
5961	PO25070057
5962	PO25070058
5963	PO25070059
5964	PO25070060
5965	PO25070061
5966	PO25070063
5967	PO25070064
5968	PO25070065
5969	PO25070066
5970	PO25070067
5971	PO25070068
5972	PO25070069
5973	PO25070070
5974	PO25070071
5975	PO25070072
5976	PO25070073
5977	PO25070074
5978	PO25070075
5979	PO25070077
5980	PO25070078
5981	PO25070079
5982	PO25070080
5983	PO25070081
5984	PO25070083
5985	PO25070084
5986	PO25070085
5987	PO25070086
5988	PO25070087
5989	PO25070088
5990	PO25070089
5991	PO25070090
5992	PO25070091
5993	PO25070092
5994	PO25070093
5995	PO25070094
5996	PO25070095
5997	PO25070096
5998	PO25070097
5999	PO25070099
6000	PO25070100
6001	PO25070101
6002	PO25070102
6003	PO25070103
6004	PO25070104
6005	PO25070105
6006	PO25070106
6007	PO25070108
6008	PO25070109
6009	PO25070110
6010	PO25070111
6011	PO25070112
6012	PO25070113
6013	PO25070114
6014	PO25070115
6015	PO25070117
6016	PO25070118
6017	PO25070119
6018	PO25070120
6019	PO25070121
6020	PO25070122
6021	PO25070123
6022	PO25070124
6023	PO25070125
6024	PO25070126
6025	PO25070127
6026	PO25070128
6027	PO25070129
6028	WH1-B1
6029	PO25070130
6030	PO25070131
6031	PO25070132
6032	PO25070133
6033	PO25070134
6034	PO25070135
6035	PO25070136
6036	PO25070137
6037	PO25070138
6038	PO25070139
6039	DOSUP25070004
6040	บริษัท โปรซูเมอร์ ซัพพลาย จำกัด	
6041	PO25070140
6042	PO25070142
6043	PO25070143
6044	PO25070144
6045	PO25070145
6046	PO25070146
6047	PO25070147
6048	PO25070148
6049	DOSUP25070005
6050	เจ.เอส เทรดดิ้ง / นาย โอภาส  จึงเจริญทรัพย์
6051	PO25070149
6052	PO25070150
6053	PO25070151
6054	PO25070152
6055	PO25070153
6056	PO25070154
6057	PO25070155
6058	PO25070156
6059	PO25070157
6060	PO25070158
6061	PO25070159
6062	PO25070160
6063	PO25070161
6064	PO25070162
6065	PO25070163
6066	PO25070164
6067	PO25070165
6068	PO25070166
6069	PO25070167
6070	PO25070168
6071	PO25070169
6072	PO25070170
6073	PO25070171
6074	PO25070173
6075	PO25070174
6076	PO25070175
6077	PO25070176
6078	PO25070177
6079	PO25070178
6080	PO25070179
6081	PO25070180
6082	PO25070181
6083	PO25070182
6084	PO25070183
6085	PO25070184
6086	PO25070185
6087	PO25070186
6088	PO25070187
6089	PO25070188
6090	PO25070189
6091	PO25070190
6092	PO25070191
6093	PO25070192
6094	PO25070193
6095	PO25070194
6096	PO25070195
6097	PO25070196
6098	PO25070197
6099	PO25070198
6100	PO25070199
6101	PO25070200
6102	PO25070201
6103	PO25070202
6104	PO25070203
6105	PO25070204
6106	PO25070205
6107	PO25070206
6108	PO25070207
6109	PO25070208
6110	PO25070209
6111	PO25070210
6112	PO25070211
6113	PO25070212
6114	PO25070213
6115	PO25070214
6116	PO25070215
6117	PO25070216
6118	PO25070217
6119	PO25070218
6120	PO25070219
6121	PO25070220
6122	PO25070221
6123	PO25070223
6124	SUP24-351
6125	บริษัท สมใจบิซกรุ๊ป จำกัด
6126	PO25070224
6127	PO25070225
6128	PO25070226
6129	PO25070227
6130	PO25070228
6131	PO25070229
6132	PO25070230
6133	PO25070231
6134	PO25070232
6135	PO25070233
6136	PO25070234
6137	PO25070235
6138	PO25070236
6139	PO25070237
6140	PO25070238
6141	PO25070239
6142	PO25070240
6143	PO25070241
6144	PO25070242
6145	PO25070243
6146	PO25070244
6147	PO25070245
6148	PO25070246
6149	PO25070247
6150	PO25070248
6151	PO25070249
6152	PO25070250
6153	PO25070251
6154	PO25070252
6155	PO25070253
6156	PO25070254
6157	PO25070255
6158	PO25070256
6159	PO25070257
6160	PO25070258
6161	PO25070259
6162	PO25070260
6163	PO25070261
6164	PO25070262
6165	PO25070263
6166	PO25070264
6167	PO25070265
6168	PO25070266
6169	PO25070267
6170	PO25070268
6171	PO25070269
6172	PO25070270
6173	PO25070271
6174	PO25070272
6175	PO25070273
6176	PO25070274
6177	PO25070275
6178	PO25070276
6179	PO25070277
6180	PO25070278
6181	PO25070279
6182	PO25070280
6183	PO25070281
6184	PO25070282
6185	PO25070283
6186	PO25070284
6187	PO25070285
6188	PO25070286
6189	PO25070287
6190	PO25070288
6191	PO25070289
6192	PO25070290
6193	PO25070291
6194	PO25070292
6195	PO25070293
6196	PO25070294
6197	PO25070295
6198	PO25070296
6199	PO25070297
6200	PO25070298
6201	PO25070299
6202	PO25070300
6203	PO25070301
6204	PO25070302
6205	PO25070303
6206	PO25070304
6207	PO25070305
6208	PO25070306
6209	PO25070307
6210	PO25070308
6211	PO25070309
6212	PO25070310
6213	PO25070311
6214	PO25070312
6215	PO25070313
6216	PO25070314
6217	PO25070315
6218	PO25070316
6219	PO25070317
6220	PO25070318
6221	PO25070319
6222	PO25070320
6223	PO25070322
6224	PO25070323
6225	PO25070324
6226	PO25070325
6227	PO25070326
6228	PO25070327
6229	PO25070328
6230	PO25070329
6231	PO25070330
6232	PO25070331
6233	PO25070332
6234	PO25070333
6235	PO25070334
6236	PO25070335
6237	PO25070336
6238	PO25070338
6239	PO25070339
6240	PO25070340
6241	PO25070341
6242	PO25070342
6243	PO25070343
6244	PO25070344
6245	PO25070345
6246	PO25070346
6247	PO25070347
6248	PO25070348
6249	PO25070349
6250	PO25070350
6251	PO25070351
6252	PO25070352
6253	PO25070353
6254	PO25070354
6255	PO25070355
6256	PO25070356
6257	PO25070357
6258	PO25070358
6259	PO25070359
6260	PO25070361
6261	PO25070362
6262	PO25070363
6263	PO25070365
6264	PO25070366
6265	PO25070367
6266	PO25070368
6267	PO25070369
6268	PO25070370
6269	PO25070371
6270	PO25070372
6271	PO25070373
6272	PO25070374
6273	PO25070375
6274	PO25070376
6275	PO25070377
6276	PO25070378
6277	PO25070379
6278	PO25070380
6279	PO25070381
6280	PO25070382
6281	PO25070383
6282	PO25070384
6283	PO25070385
6284	PO25070386
6285	PO25070387
6286	PO25080001
6287	PO25080002
6288	SUP24-233
6289	บริษัท สเปคไลท์  จำกัด
6290	PO25080003
6291	PO25080004
6292	PO25080005
6293	PO25080006
6294	PO25080007
6295	PO25080008
6296	PO25080009
6297	PO25080010
6298	PO25080011
6299	PO25080012
6300	PO25080013
6301	PO25080014
6302	PO25080015
6303	PO25080016
6304	PO25080018
6305	PO25080019
6306	PO25080020
6307	PO25080021
6308	PO25080022
6309	PO25080023
6310	PO25080024
6311	PO25080025
6312	PO25080026
6313	PO25080027
6314	PO25080028
6315	PO25080029
6316	PO25080030
6317	PO25080031
6318	PO25080032
6319	PO25080033
6320	PO25080034
6321	PO25080035
6322	PO25080036
6323	PO25080037
6324	PO25080038
6325	PO25080039
6326	PO25080040
6327	PO25080041
6328	PO25080042
6329	PO25080043
6330	PO25080044
6331	PO25080045
6332	PO25080046
6333	PO25080047
6334	PO25080048
6335	PO25080049
6336	PO25080050
6337	PO25080051
6338	PO25080052
6339	PO25080053
6340	PO25080054
6341	PO25080055
6342	PO25080056
6343	PO25080057
6344	PO25080058
6345	PO25080059
6346	PO25080060
6347	PO25080061
6348	PO25080062
6349	PO25080063
6350	PO25080064
6351	PO25080065
6352	PO25080066
6353	PO25080067
6354	PO25080068
6355	PO25080069
6356	PO25080070
6357	PO25080071
6358	PO25080072
6359	PO25080073
6360	PO25080074
6361	PO25080075
6362	PO25080076
6363	PO25080077
6364	PO25080078
6365	PO25080079
6366	PO25080080
6367	PO25080081
6368	PO25080082
6369	PO25080083
6370	PO25080084
6371	PO25080085
6372	PO25080086
6373	PO25080087
6374	PO25080088
6375	PO25080090
6376	PO25080091
6377	PO25080092
6378	PO25080093
6379	PO25080094
6380	PO25080095
6381	PO25080096
6382	PO25080097
6383	PO25080098
6384	PO25080099
6385	PO25080100
6386	PO25080101
6387	PO25080102
6388	PO25080103
6389	PO25080104
6390	PO25080105
6391	PO25080106
6392	PO25080107
6393	PO25080108
6394	PO25080109
6395	PO25080110
6396	PO25080111
6397	PO25080112
6398	PO25080113
6399	PO25080114
6400	PO25080115
6401	PO25080116
6402	PO25080117
6403	PO25080118
6404	PO25080119
6405	PO25080120
6406	PO25080121
6407	PO25080122
6408	PO25080123
6409	PO25080124
6410	PO25080125
6411	PO25080126
6412	PO25080127
6413	PO25080128
6414	PO25080129
6415	PO25080130
6416	PO25080131
6417	PO25080132
6418	PO25080133
6419	PO25080134
6420	PO25080135
6421	PO25080136
6422	PO25080137
6423	PO25080138
6424	PO25080139
6425	PO25080140
6426	PO25080141
6427	PO25080142
6428	PO25080143
6429	PO25080144
6430	PO25080145
6431	PO25080146
6432	PO25080147
6433	PO25080148
6434	PO25080149
6435	PO25080150
6436	PO25080151
6437	PO25080152
6438	PO25080153
6439	PO25080154
6440	PO25080155
6441	SUP24-055
6442	บริษัท ไดโน่ อีเล็คทริค  จำกัด
6443	PO25080156
6444	PO25080157
6445	PO25080158
6446	PO25080159
6447	PO25080160
6448	PO25080161
6449	PO25080162
6450	PO25080163
6451	PO25080164
6452	PO25080165
6453	PO25080166
6454	PO25080167
6455	PO25080168
6456	PO25080169
6457	PO25080170
6458	PO25080171
6459	PO25080172
6460	PO25080173
6461	PO25080174
6462	PO25080175
6463	PO25080176
6464	PO25080177
6465	PO25080178
6466	PO25080179
6467	PO25080180
6468	PO25080181
6469	PO25080182
6470	PO25080183
6471	PO25080184
6472	PO25080185
6473	PO25080187
6474	PO25080188
6475	PO25080189
6476	PO25080190
6477	PO25080191
6478	PO25080192
6479	PO25080193
6480	PO25080194
6481	PO25080195
6482	PO25080196
6483	PO25080197
6484	PO25080199
6485	PO25080200
6486	DOSUP25080005
6487	บริษัท นิคอนไทย เซลส์แอนด์เซอร์วิส จำกัด
6488	PO25080201
6489	PO25080202
6490	PO25080203
6491	PO25080205
6492	PO25080206
6493	PO25080207
6494	PO25080208
6495	PO25080209
6496	PO25080210
6497	PO25080211
6498	PO25080212
6499	PO25080213
6500	DOSUP25080002
6501	บริษัท คาร์เปท ฟอร์เต้ จำกัด
6502	PO25080214
6503	PO25080216
6504	PO25080217
6505	DOSUP25080003
6506	บริษัท เอ็ม ที เอฟ อินเตอร์เทรด จำกัด
6507	PO25080218
6508	PO25080219
6509	PO25080220
6510	PO25080221
6511	PO25080223
6512	PO25080224
6513	PO25080225
6514	PO25080226
6515	PO25080227
6516	PO25080228
6517	PO25080229
6518	PO25080230
6519	PO25080231
6520	PO25080232
6521	PO25080233
6522	PO25080234
6523	PO25080235
6524	PO25080236
6525	PO25080237
6526	PO25080238
6527	PO25080239
6528	PO25080240
6529	PO25080241
6530	PO25080242
6531	PO25080243
6532	PO25080244
6533	PO25080245
6534	PO25080246
6535	PO25080247
6536	PO25080248
6537	PO25080249
6538	PO25080250
6539	PO25080251
6540	PO25080252
6541	PO25080253
6542	PO25080254
6543	PO25080255
6544	PO25080256
6545	PO25080257
6546	PO25080258
6547	PO25080259
6548	PO25080260
6549	PO25080261
6550	PO25080262
6551	PO25080263
6552	PO25080264
6553	PO25080265
6554	PO25080266
6555	PO25080267
6556	PO25080268
6557	PO25080269
6558	PO25080270
6559	PO25080271
6560	PO25080272
6561	PO25080273
6562	PO25080274
6563	PO25080275
6564	PO25080276
6565	PO25080277
6566	PO25080278
6567	PO25080279
6568	PO25080280
6569	PO25080281
6570	PO25080282
6571	PO25080283
6572	PO25080284
6573	DOSUP25080006
6574	นายณัฐพันธ์ ทองแดง
6575	PO25080285
6576	PO25080286
6577	PO25080287
6578	PO25080288
6579	PO25080289
6580	PO25080290
6581	PO25080291
6582	PO25080292
6583	PO25080293
6584	PO25080294
6585	PO25080295
6586	PO25080296
6587	PO25080297
6588	PO25080298
6589	PO25080300
6590	PO25080301
6591	PO25080302
6592	PO25080303
6593	PO25080304
6594	PO25080305
6595	PO25080306
6596	PO25080307
6597	PO25080309
6598	PO25080310
6599	PO25080311
6600	PO25080312
6601	PO25080314
6602	PO25080315
6603	PO25080316
6604	PO25080317
6605	PO25080318
6606	PO25080319
6607	PO25080320
6608	PO25080321
6609	PO25080322
6610	PO25080323
6611	PO25080324
6612	PO25080325
6613	PO25080326
6614	PO25080327
6615	PO25080329
6616	PO25080330
6617	PO25080331
6618	PO25080332
6619	PO25080333
6620	PO25080334
6621	PO25080335
6622	PO25080336
6623	PO25080337
6624	PO25080338
6625	PO25080339
6626	PO25080340
6627	PO25080341
6628	PO25080342
6629	PO25080343
6630	PO25080344
6631	PO25080345
6632	PO25080346
6633	PO25080347
6634	PO25080348
6635	PO25080349
6636	PO25080350
6637	PO25080351
6638	PO25080352
6639	PO25080353
6640	PO25080354
6641	PO25080356
6642	PO25080357
6643	PO25080358
6644	PO25080359
6645	PO25080360
6646	PO25080361
6647	PO25080362
6648	PO25080363
6649	PO25080364
6650	PO25080365
6651	PO25080366
6652	PO25080367
6653	PO25080368
6654	PO25080369
6655	PO25080370
6656	PO25080371
6657	PO25080372
6658	DOSUP25080009
6659	บริษัท ภัทร สตีลเซ็นเตอร์ จำกัด 
6660	PO25080373
6661	PO25080374
6662	PO25080375
6663	PO25080376
6664	PO25080377
6665	PO25080378
6666	PO25080379
6667	PO25080380
6668	PO25080381
6669	PO25080383
6670	PO25080384
6671	PO25080385
6672	PO25080386
6673	PO25080387
6674	PO25080388
6675	PO25080389
6676	PO25080390
6677	PO25080391
6678	PO25080392
6679	PO25080393
6680	PO25080394
6681	PO25080395
6682	PO25080396
6683	SUP24-283
6684	บริษัท เอ็นเทค อีเลคทรอนิคส์  จำกัด
6685	PO25080397
6686	PO25080398
6687	SUP24-052
6688	บริษัท ณิฌาสตีล  จำกัด
6689	PO25080399
6690	PO25080400
6691	PO25080401
6692	PO25080402
6693	PO25080403
6694	PO25080404
6695	PO25080405
6696	PO25080406
6697	PO25080407
6698	PO25080409
6699	PO25080410
6700	PO25080411
6701	PO25080412
6702	PO25080414
6703	PO25080415
6704	PO25080416
6705	PO25080417
6706	PO25080418
6707	PO25080419
6708	PO25080420
6709	PO25080421
6710	PO25080422
6711	PO25080423
6712	PO25080424
6713	PO25080425
6714	PO25080426
6715	PO25080427
6716	PO25080428
6717	PO25090001
6718	PO25090002
6719	PO25090003
6720	PO25090004
6721	PO25090005
6722	PO25090006
6723	PO25090007
6724	DOSUP25090001
6725	บริษัท แลมโป้ ไลท์ติ้ง (ประเทศไทย) จำกัด
6726	PO25090008
6727	PO25090009
6728	PO25090010
6729	PO25090011
6730	PO25090013
6731	PO25090014
6732	PO25090015
6733	PO25090016
6734	DOSUP25070014
6735	บริษัท ที.พี.เค.เอ็นเนอร์จี จำกัด
6736	PO25090017
6737	PO25090018
6738	PO25090019
6739	PO25090020
6740	PO25090021
6741	PO25090022
6742	PO25090023
6743	PO25090024
6744	PO25090025
6745	PO25090026
6746	PO25090027
6747	PO25090028
6748	PO25090029
6749	PO25090030
6750	PO25090031
6751	PO25090032
6752	PO25090033
6753	PO25090034
6754	PO25090035
6755	PO25090036
6756	PO25090037
6757	DOSUP25090002
6758	บริษัท สายไฟฟ้าวีนายน์เคเบิ้ล  จำกัด
6759	PO25090038
6760	PO25090039
6761	PO25090040
6762	PO25090041
6763	PO25090042
6764	PO25090043
6765	PO25090044
6766	PO25090045
6767	PO25090046
6768	PO25090047
6769	PO25090048
6770	PO25090049
6771	PO25090050
6772	PO25090051
6773	PO25090052
6774	PO25090054
6775	PO25090055
6776	PO25090056
6777	PO25090057
6778	PO25090058
6779	PO25090059
6780	PO25090060
6781	PO25090061
6782	PO25090062
6783	PO25090063
6784	PO25090064
6785	PO25090065
6786	PO25090066
6787	PO25090067
6788	PO25090068
6789	PO25090069
6790	PO25090070
6791	PO25090073
6792	PO25090074
6793	PO25090075
6794	PO25090076
6795	PO25090077
6796	PO25090078
6797	PO25090079
6798	PO25090080
6799	DOSUP25090003
6800	บริษัท เบอร์ลี่ ยุคเกอร์ จำกัด (มหาชน)
6801	PO25090081
6802	PO25090082
6803	PO25090083
6804	PO25090084
6805	PO25090085
6806	PO25090087
6807	PO25090088
6808	PO25090089
6809	PO25090090
6810	PO25090091
6811	PO25090092
6812	PO25090093
6813	PO25090094
6814	PO25090095
6815	PO25090096
6816	PO25090097
6817	PO25090098
6818	PO25090099
6819	PO25090100
6820	PO25090101
6821	PO25090102
6822	PO25090103
6823	PO25090104
6824	PO25090105
6825	PO25090106
6826	PO25090107
6827	PO25090108
6828	PO25090109
6829	PO25090110
6830	PO25090111
6831	PO25090112
6832	PO25090113
6833	PO25090114
6834	PO25090115
6835	PO25090116
6836	PO25090117
6837	PO25090118
6838	PO25090119
6839	PO25090120
6840	PO25090121
6841	PO25090122
6842	PO25090123
6843	PO25090124
6844	PO25090125
6845	PO25090126
6846	PO25090127
6847	PO25090128
6848	PO25090129
6849	PO25090130
6850	PO25090131
6851	PO25090132
6852	PO25090133
6853	PO25090134
6854	PO25090135
6855	PO25090136
6856	PO25090137
6857	PO25090138
6858	PO25090139
6859	PO25090140
6860	PO25090141
6861	PO25090142
6862	PO25090143
6863	PO25090144
6864	PO25090145
6865	PO25090146
6866	PO25090147
6867	PO25090148
6868	PO25090149
6869	PO25090150
6870	PO25090151
6871	PO25090152
6872	PO25090153
6873	PO25090154
6874	PO25090155
6875	PO25090156
6876	PO25090158
6877	PO25090159
6878	PO25090160
6879	PO25090161
6880	PO25090162
6881	PO25090163
6882	PO25090164
6883	PO25090165
6884	PO25090166
6885	PO25090167
6886	PO25090168
6887	PO25090169
6888	PO25090170
6889	PO25090171
6890	PO25090172
6891	PO25090173
6892	PO25090174
6893	PO25090176
6894	PO25090177
6895	PO25090178
6896	PO25090179
6897	PO25090180
6898	PO25090181
6899	PO25090182
6900	PO25090183
6901	PO25090184
6902	PO25090185
6903	PO25090186
6904	PO25090187
6905	PO25090188
6906	PO25090189
6907	PO25090190
6908	PO25090191
6909	PO25090192
6910	PO25090193
6911	PO25090194
6912	PO25090195
6913	PO25090196
6914	PO25090197
6915	PO25090198
6916	PO25090199
6917	PO25090200
6918	PO25090201
6919	PO25090202
6920	PO25090203
6921	PO25090204
6922	PO25090205
6923	PO25090206
6924	PO25090207
6925	PO25090208
6926	PO25090209
6927	PO25090210
6928	PO25090211
6929	PO25090212
6930	PO25090213
6931	PO25090214
6932	PO25090215
6933	PO25090216
6934	PO25090217
6935	PO25090218
6936	PO25090219
6937	PO25090220
6938	PO25090221
6939	PO25090222
6940	PO25090223
6941	PO25090224
6942	PO25090225
6943	PO25090226
6944	PO25090227
6945	PO25090228
6946	PO25090229
6947	PO25090230
6948	PO25090231
6949	PO25090232
6950	PO25090233
6951	PO25090235
6952	PO25090236
6953	PO25090237
6954	PO25090238
6955	PO25090239
6956	PO25090240
6957	PO25090241
6958	PO25090242
6959	PO25090243
6960	PO25090244
6961	PO25090245
6962	PO25090246
6963	PO25090247
6964	PO25090248
6965	PO25090249
6966	PO25090250
6967	PO25090251
6968	PO25090252
6969	PO25090253
6970	PO25090254
6971	PO25090255
6972	PO25090256
6973	PO25090257
6974	PO25090258
6975	PO25090259
6976	PO25090260
6977	PO25090261
6978	PO25090263
6979	PO25090264
6980	PO25090265
6981	PO25090266
6982	PO25090267
6983	PO25090268
6984	PO25090269
6985	PO25090270
6986	PO25090271
6987	PO25090272
6988	PO25090273
6989	PO25090274
6990	PO25090275
6991	PO25090276
6992	PO25090277
6993	PO25090278
6994	PO25090279
6995	PO25090280
6996	PO25090281
6997	PO25090282
6998	PO25090283
6999	PO25090284
7000	PO25090285
7001	PO25090286
7002	PO25090287
7003	PO25090288
7004	PO25090289
7005	PO25090290
7006	PO25090291
7007	PO25090292
7008	PO25090293
7009	PO25090294
7010	PO25090295
7011	PO25090296
7012	PO25090297
7013	PO25090298
7014	PO25090299
7015	PO25090300
7016	PO25090301
7017	PO25090302
7018	PO25090303
7019	PO25090304
7020	PO25090305
7021	PO25090306
7022	PO25090307
7023	PO25090308
7024	PO25090309
7025	PO25090310
7026	PO25090311
7027	PO25090312
7028	PO25090314
7029	PO25090315
7030	DOSUP25090007
7031	บริษัท เวิลด์พรีเมียร์ แพ็คเกจจิ้ง จำกัด
7032	PO25090316
7033	PO25090317
7034	PO25090318
7035	PO25090319
7036	PO25090320
7037	PO25090321
7038	PO25090322
7039	PO25090323
7040	PO25090324
7041	PO25090325
7042	PO25090326
7043	PO25090327
7044	PO25090328
7045	PO25090329
7046	PO25090330
7047	PO25090331
7048	PO25090332
7049	PO25090333
7050	PO25090334
7051	PO25090335
7052	DOSUP25090012
7053	บริษัท พันธ์เพาเวอร์แอนด์เทคโนโลยี จำกัด
7054	PO25090336
7055	PO25090337
7056	PO25090338
7057	PO25090339
7058	PO25090340
7059	PO25090341
7060	PO25090342
7061	PO25090343
7062	PO25090344
7063	PO25090345
7064	PO25090346
7065	PO25090347
7066	PO25090348
7067	PO25090349
7068	PO25090350
7069	PO25090351
7070	PO25090352
7071	PO25090353
7072	PO25090354
7073	PO25090355
7074	PO25090356
7075	PO25090357
7076	PO25090358
7077	PO25090359
7078	PO25090360
7079	PO25090361
7080	PO25090362
7081	PO25090363
7082	PO25090364
7083	PO25090365
7084	PO25090366
7085	PO25090367
7086	PO25090368
7087	PO25090369
7088	PO25090370
7089	PO25090371
7090	PO25090372
7091	PO25090373
7092	PO25090374
7093	PO25090375
7094	PO25090376
7095	PO25090377
7096	PO25090378
7097	PO25090379
7098	PO25090380
7099	PO25090381
7100	PO25090382
7101	PO25090383
7102	PO25090384
7103	PO25090385
7104	PO25090386
7105	PO25090387
7106	PO25090388
7107	PO25090389
7108	PO25090390
7109	PO25090391
7110	PO25090392
7111	PO25090393
7112	PO25090394
7113	PO25090395
7114	PO25090396
7115	PO25090397
7116	PO25090398
7117	DOSUP25080012
7118	บริษัท นครธน อินเตอร์ กรุ๊ป จำกัด
7119	PO25090399
7120	PO25090400
7121	PO25090401
7122	PO25090402
7123	PO25090403
7124	PO25090404
7125	PO25090405
7126	PO25090406
7127	PO25090407
7128	PO25090408
7129	PO25090409
7130	PO25090410
7131	PO25090411
7132	PO25090412
7133	PO25090413
7134	PO25090414
7135	PO25090415
7136	PO25090416
7137	PO25090417
7138	PO25090418
7139	PO25090419
7140	PO25090420
7141	PO25090421
7142	PO25090423
7143	PO25090424
7144	PO25090425
7145	PO25090426
7146	PO25090427
7147	PO25090428
7148	PO25090429
7149	PO25090430
7150	PO25090431
7151	PO25090432
7152	PO25090433
7153	PO25090434
7154	PO25090435
7155	PO25090436
7156	PO25090437
7157	PO25090438
7158	PO25100001
7159	PO25100002
7160	DOSUP25090016
7161	บริษัท ไฮเทค ไมโคร ซิสเท็ม จำกัด
7162	PO25100003
7163	PO25100004
7164	PO25100005
7165	PO25100006
7166	PO25100007
7167	PO25100008
7168	PO25100009
7169	PO25100010
7170	PO25100011
7171	PO25100012
7172	PO25100013
7173	PO25100014
7174	PO25100015
7175	PO25100016
7176	PO25100017
7177	PO25100018
7178	PO25100019
7179	PO25100020
7180	PO25100021
7181	PO25100022
7182	SUP24-155
7183	บริษัท เฟโล ซีลวาเนีย (ประเทศไทย)  จำกัด
7184	PO25100024
7185	PO25100025
7186	PO25100026
7187	PO25100027
7188	PO25100028
7189	PO25100029
7190	PO25100030
7191	PO25100031
7192	PO25100032
7193	PO25100033
7194	PO25100034
7195	PO25100035
7196	PO25100036
7197	PO25100037
7198	PO25100038
7199	PO25100039
7200	PO25100040
7201	PO25100041
7202	PO25100042
7203	PO25100043
7204	PO25100044
7205	PO25100045
7206	PO25100046
7207	PO25100047
7208	PO25100048
7209	PO25100049
7210	PO25100050
7211	PO25100051
7212	PO25100052
7213	PO25100053
7214	PO25100055
7215	PO25100056
7216	PO25100057
7217	PO25100058
7218	PO25100059
7219	PO25100060
7220	PO25100061
7221	PO25100062
7222	PO25100063
7223	PO25100064
7224	PO25100065
7225	PO25100066
7226	PO25100068
7227	PO25100069
7228	PO25100070
7229	PO25100071
7230	PO25100072
7231	PO25100073
7232	PO25100074
7233	PO25100075
7234	PO25100076
7235	PO25100077
7236	PO25100078
7237	PO25100079
7238	PO25100080
7239	PO25100081
7240	PO25100082
7241	SUP24-105
7242	ห้างหุ้นส่วนจำกัด นัมเบอร์ วัน กรุ๊ป แอนด์ คอนสตรัคชั่น
7243	PO25100083
7244	PO25100084
7245	PO25100085
7246	PO25100086
7247	PO25100087
7248	PO25100088
7249	PO25100089
7250	PO25100090
7251	PO25100091
7252	PO25100092
7253	PO25100093
7254	PO25100094
7255	PO25100095
7256	PO25100096
7257	PO25100097
7258	PO25100098
7259	PO25100099
7260	PO25100100
7261	PO25100101
7262	PO25100102
7263	PO25100103
7264	PO25100104
7265	PO25100105
7266	PO25100106
7267	PO25100108
7268	PO25100109
7269	PO25100110
7270	PO25100111
7271	PO25100112
7272	PO25100113
7273	PO25100115
7274	PO25100116
7275	PO25100117
7276	PO25100118
7277	PO25100119
7278	PO25100120
7279	PO25100121
7280	PO25100122
7281	PO25100123
7282	PO25100124
7283	PO25100125
7284	PO25100126
7285	PO25100127
7286	PO25100128
7287	PO25100129
7288	PO25100130
7289	PO25100131
7290	PO25100132
7291	PO25100133
7292	PO25100134
7293	PO25100135
7294	PO25100136
7295	PO25100137
7296	PO25100138
7297	PO25100139
7298	PO25100141
7299	PO25100142
7300	PO25100143
7301	PO25100144
7302	PO25100145
7303	PO25100147
7304	PO25100148
7305	PO25100149
7306	PO25100151
7307	PO25100152
7308	PO25100153
7309	PO25100155
7310	PO25100156
7311	PO25100157
7312	PO25100158
7313	PO25100159
7314	PO25100160
7315	PO25100161
7316	PO25100162
7317	PO25100163
7318	PO25100164
7319	PO25100165
7320	PO25100166
7321	PO25100167
7322	PO25100168
7323	PO25100169
7324	PO25100170
7325	PO25100171
7326	PO25100172
7327	PO25100173
7328	PO25100174
7329	PO25100175
7330	PO25100176
7331	PO25100177
7332	PO25100178
7333	PO25100179
7334	PO25100180
7335	PO25100181
7336	PO25100182
7337	PO25100183
7338	PO25100184
7339	PO25100185
7340	PO25100186
7341	PO25100187
7342	PO25100188
7343	PO25100189
7344	PO25100190
7345	PO25100191
7346	PO25100192
7347	PO25100193
7348	PO25100194
7349	PO25100195
7350	PO25100196
7351	PO25100197
7352	PO25100198
7353	PO25100199
7354	PO25100200
7355	PO25100201
7356	PO25100202
7357	PO25100203
7358	PO25100204
7359	PO25100205
7360	PO25100206
7361	PO25100207
7362	PO25100208
7363	PO25100209
7364	PO25100210
7365	PO25100211
7366	PO25100212
7367	PO25100213
7368	PO25100214
7369	PO25100215
7370	PO25100216
7371	PO25100217
7372	PO25100218
7373	PO25100219
7374	PO25100220
7375	PO25100221
7376	PO25100222
7377	PO25100223
7378	PO25100224
7379	PO25100225
7380	PO25100226
7381	PO25100227
7382	PO25100228
7383	PO25100229
7384	PO25100230
7385	PO25100231
7386	PO25100232
7387	PO25100233
7388	PO25100234
7389	PO25100235
7390	PO25100236
7391	PO25100237
7392	PO25100238
7393	PO25100239
7394	PO25100240
7395	PO25100241
7396	PO25100242
7397	PO25100243
7398	PO25100244
7399	PO25100245
7400	PO25100246
7401	PO25100247
7402	PO25100249
7403	PO25100250
7404	DOSUP25100009
7405	ร้าน เบสไทย แอล อี ดี โดย นางสาว ศศินันทน์ นาวี
7406	PO25100251
7407	PO25100252
7408	PO25100253
7409	PO25100254
7410	PO25100255
7411	PO25100256
7412	PO25100258
7413	PO25100259
7414	PO25100260
7415	PO25100261
7416	PO25100262
7417	PO25100263
7418	PO25100265
7419	PO25100266
7420	PO25100267
7421	PO25100268
7422	PO25100269
7423	PO25100270
7424	PO25100271
7425	PO25100273
7426	PO25100274
7427	PO25100275
7428	PO25100276
7429	PO25100277
7430	PO25100278
7431	PO25100279
7432	PO25100280
7433	PO25100281
7434	PO25100282
7435	PO25100283
7436	PO25100285
7437	PO25100286
7438	PO25100287
7439	PO25100289
7440	PO25100290
7441	PO25100291
7442	PO25100292
7443	PO25100293
7444	PO25100294
7445	PO25100295
7446	PO25100296
7447	PO25100297
7448	PO25100298
7449	PO25100299
7450	PO25100300
7451	PO25100301
7452	PO25100302
7453	PO25100303
7454	PO25100304
7455	PO25100305
7456	PO25100306
7457	PO25100307
7458	PO25100308
7459	PO25100309
7460	PO25100310
7461	PO25100311
7462	PO25100312
7463	PO25100313
7464	PO25100315
7465	DOSUP25100010
7466	บริษัท ดับเบิ้ลเอฟ ไฟร์ โซลูชั่น จำกัด
7467	PO25100316
7468	PO25100317
7469	PO25100318
7470	PO25100319
7471	PO25100320
7472	PO25100321
7473	PO25100322
7474	PO25100323
7475	PO25100324
7476	PO25100325
7477	PO25100326
7478	PO25100327
7479	PO25100328
7480	PO25100329
7481	PO25100330
7482	PO25100331
7483	PO25100332
7484	PO25100333
7485	PO25100334
7486	PO25100335
7487	PO25100336
7488	PO25100337
7489	PO25100338
7490	PO25100339
7491	PO25100340
7492	PO25100341
7493	PO25100342
7494	PO25100343
7495	PO25100344
7496	PO25100345
7497	PO25100346
7498	PO25100347
7499	PO25100348
7500	PO25100349
7501	PO25100350
7502	PO25100351
7503	PO25100352
7504	PO25100353
7505	PO25100354
7506	PO25100355
7507	PO25100356
7508	PO25100357
7509	PO25100358
7510	PO25100359
7511	PO25100360
7512	PO25100362
7513	PO25100363
7514	PO25100364
7515	PO25100365
7516	PO25100366
7517	PO25100367
7518	PO25100368
7519	PO25100369
7520	PO25100370
7521	PO25100371
7522	PO25100372
7523	PO25100373
7524	PO25100374
7525	PO25100375
7526	PO25100376
7527	PO25100377
7528	PO25100378
7529	PO25100379
7530	PO25100380
7531	PO25100381
7532	PO25100382
7533	PO25100383
7534	PO25100384
7535	PO25100385
7536	PO25100386
7537	PO25100387
7538	DOSUP25100015
7539	บริษัท เฟยเทียน จำกัด 
7540	PO25100388
7541	PO25100389
7542	PO25100390
7543	PO25100391
7544	PO25100392
7545	PO25100393
7546	PO25100394
7547	DOSUP25100011
7548	บริษัท บีวัน ไลท์ติ้ง จำกัด
7549	PO25100395
7550	PO25100396
7551	PO25100397
7552	PO25100398
7553	PO25100399
7554	PO25100401
7555	PO25100402
7556	PO25100403
7557	PO25100404
7558	PO25100405
7559	PO25100406
7560	PO25100409
7561	PO25100410
7562	PO25100411
7563	PO25100412
7564	PO25100413
7565	PO25100414
7566	PO25100415
7567	PO25100416
7568	PO25100417
7569	PO25100418
7570	PO25100419
7571	PO25100420
7572	PO25100421
7573	PO25100422
7574	PO25100423
7575	PO25100424
7576	PO25100425
7577	PO25100426
7578	PO25100427
7579	PO25100428
7580	PO25100429
7581	PO25100430
7582	PO25100431
7583	PO25100432
7584	PO25100433
7585	PO25100434
7586	PO25100435
7587	PO25100436
7588	PO25100437
7589	PO25100438
7590	PO25110002
7591	PO25110003
7592	PO25110004
7593	PO25110005
7594	PO25110006
7595	PO25110007
7596	PO25110008
7597	PO25110009
7598	PO25110010
7599	PO25110011
7600	PO25110012
7601	PO25110013
7602	PO25110014
7603	PO25110015
7604	PO25110016
7605	PO25110017
7606	PO25110018
7607	PO25110019
7608	PO25110020
7609	PO25110021
7610	PO25110022
7611	PO25110023
7612	PO25110024
7613	PO25110025
7614	PO25110026
7615	PO25110027
7616	PO25110028
7617	PO25110029
7618	PO25110030
7619	PO25110031
7620	PO25110032
7621	PO25110033
7622	PO25110034
7623	PO25110035
7624	PO25110036
7625	PO25110037
7626	PO25110038
7627	PO25110039
7628	PO25110040
7629	PO25110041
7630	PO25110042
7631	PO25110043
7632	PO25110044
7633	PO25110045
7634	PO25110046
7635	PO25110047
7636	PO25110048
7637	PO25110049
7638	PO25110050
7639	PO25110051
7640	PO25110052
7641	PO25110053
7642	PO25110054
7643	PO25110055
7644	PO25110056
7645	PO25110057
7646	PO25110058
7647	PO25110059
7648	PO25110060
7649	PO25110061
7650	PO25110062
7651	PO25110063
7652	PO25110064
7653	PO25110065
7654	PO25110066
7655	PO25110067
7656	PO25110068
7657	PO25110069
7658	PO25110070
7659	PO25110071
7660	PO25110072
7661	PO25110073
7662	PO25110074
7663	PO25110075
7664	PO25110076
7665	PO25110077
7666	PO25110078
7667	PO25110079
7668	PO25110080
7669	PO25110081
7670	PO25110082
7671	PO25110083
7672	SUP24-073
7673	บริษัท ทาซ่าอินดัสเทรียล  จำกัด
7674	PO25110085
7675	PO25110086
7676	PO25110087
7677	PO25110088
7678	PO25110089
7679	PO25110090
7680	PO25110091
7681	PO25110092
7682	PO25110093
7683	PO25110094
7684	PO25110095
7685	PO25110097
7686	PO25110098
7687	PO25110099
7688	PO25110100
7689	PO25110101
7690	PO25110102
7691	PO25110103
7692	PO25110104
7693	PO25110105
7694	PO25110106
7695	PO25110107
7696	PO25110108
7697	PO25110109
7698	PO25110110
7699	PO25110111
7700	PO25110112
7701	PO25110113
7702	PO25110114
7703	PO25110115
7704	PO25110116
7705	PO25110117
7706	PO25110118
7707	PO25110119
7708	PO25110120
7709	PO25110121
7710	PO25110122
7711	PO25110123
7712	PO25110124
7713	PO25110125
7714	PO25110126
7715	PO25110127
7716	PO25110128
7717	PO25110129
7718	PO25110130
7719	PO25110131
7720	PO25110132
7721	PO25110133
7722	PO25110135
7723	PO25110136
7724	PO25110137
7725	PO25110138
7726	PO25110139
7727	PO25110141
7728	PO25110142
7729	PO25110143
7730	PO25110144
7731	PO25110145
7732	PO25110146
7733	PO25110147
7734	PO25110148
7735	PO25110149
7736	PO25110150
7737	PO25110151
7738	PO25110152
7739	PO25110153
7740	PO25110154
7741	PO25110155
7742	PO25110156
7743	PO25110157
7744	PO25110158
7745	PO25110159
7746	PO25110160
7747	PO25110161
7748	PO25110162
7749	PO25110163
7750	PO25110164
7751	PO25110165
7752	PO25110166
7753	DOSUP25110003
7754	บริษัท ออฟฟิศเวิร์ค จำกัด
7755	PO25110167
7756	PO25110168
7757	PO25110169
7758	PO25110170
7759	PO25110171
7760	PO25110172
7761	PO25110173
7762	PO25110174
7763	PO25110175
7764	PO25110176
7765	PO25110177
7766	PO25110178
7767	PO25110179
7768	PO25110180
7769	PO25110181
7770	PO25110182
7771	PO25110183
7772	PO25110184
7773	PO25110185
7774	PO25110186
7775	PO25110187
7776	PO25110188
7777	PO25110189
7778	PO25110190
7779	PO25110191
7780	PO25110192
7781	PO25110193
7782	PO25110194
7783	PO25110195
7784	PO25110196
7785	PO25110197
7786	PO25110198
7787	PO25110199
7788	PO25110200
7789	PO25110201
7790	PO25110202
7791	PO25110203
7792	PO25110204
7793	PO25110205
7794	PO25110206
7795	PO25110207
7796	PO25110208
7797	PO25110209
7798	PO25110210
7799	DOSUP25110004
7800	ห้างหุ้นส่วนจำกัด วินวิน ไล้ท์ติ้ง แอนด์ ซัพพลาย
7801	PO25110211
7802	PO25110212
7803	PO25110213
7804	PO25110214
7805	PO25110215
7806	PO25110216
7807	PO25110218
7808	PO25110219
7809	PO25110220
7810	PO25110221
7811	PO25110222
7812	PO25110223
7813	PO25110224
7814	PO25110225
7815	PO25110226
7816	PO25110227
7817	PO25110228
7818	PO25110229
7819	PO25110230
7820	PO25110231
7821	PO25110232
7822	PO25110233
7823	PO25110234
7824	PO25110236
7825	PO25110237
7826	PO25110238
7827	PO25110239
7828	PO25110240
7829	SUP24-027
7830	บริษัท เจ.ไอ.บี.คอมพิวเตอร์ กรุ๊ป   จำกัด
7831	PO25110241
7832	PO25110242
7833	PO25110243
7834	PO25110244
7835	PO25110245
7836	PO25110246
7837	PO25110247
7838	PO25110248
7839	PO25110249
7840	PO25110250
7841	PO25110251
7842	PO25110252
7843	PO25110253
7844	PO25110254
7845	PO25110255
7846	PO25110256
7847	PO25110257
7848	PO25110258
7849	PO25110259
7850	PO25110260
7851	PO25110261
7852	PO25110262
7853	PO25110263
7854	PO25110264
7855	PO25110265
7856	PO25110266
7857	PO25110267
7858	PO25110268
7859	PO25110269
7860	PO25110270
7861	PO25110271
7862	PO25110272
7863	PO25110273
7864	PO25110274
7865	PO25110275
7866	PO25110276
7867	PO25110277
7868	PO25110278
7869	PO25110279
7870	PO25110280
7871	PO25110281
7872	PO25110283
7873	PO25110284
7874	PO25110285
7875	PO25110286
7876	PO25110287
7877	PO25110288
7878	PO25110289
7879	PO25110290
7880	PO25110291
7881	PO25110292
7882	PO25110293
7883	PO25110294
7884	PO25110295
7885	PO25110297
7886	PO25110298
7887	PO25110299
7888	PO25110300
7889	PO25110301
7890	PO25110302
7891	PO25110303
7892	PO25110304
7893	PO25110305
7894	PO25110306
7895	PO25110307
7896	PO25110308
7897	PO25110309
7898	PO25110310
7899	PO25110311
7900	PO25110312
7901	PO25110313
7902	PO25110314
7903	PO25110315
7904	PO25110316
7905	PO25110317
7906	PO25110319
7907	PO25110320
7908	PO25110321
7909	PO25110322
7910	PO25110323
7911	PO25110324
7912	PO25110325
7913	PO25110326
7914	PO25110327
7915	PO25110328
7916	PO25110329
7917	PO25110330
7918	PO25110331
7919	PO25110332
7920	PO25110334
7921	PO25110335
7922	PO25110336
7923	PO25110337
7924	PO25110338
7925	PO25110339
7926	PO25110340
7927	PO25110341
7928	PO25110343
7929	PO25110344
7930	PO25110345
7931	PO25110346
7932	PO25110347
7933	PO25110348
7934	PO25110349
7935	PO25110350
7936	PO25110351
7937	PO25110352
7938	PO25110353
7939	PO25110354
7940	PO25110355
7941	PO25110356
7942	PO25110357
7943	PO25110358
7944	PO25110359
7945	PO25110360
7946	PO25110361
7947	PO25110362
7948	PO25110363
7949	PO25110364
7950	PO25110365
7951	PO25110366
7952	PO25110367
7953	PO25110368
7954	PO25110369
7955	PO25110370
7956	PO25110371
7957	PO25110372
7958	PO25110373
7959	PO25110375
7960	PO25110376
7961	PO25110377
7962	PO25110378
7963	PO25110379
7964	PO25110380
7965	PO25110381
7966	PO25110382
7967	PO25110383
7968	PO25110384
7969	PO25110385
7970	SUP24-299
7971	บริษัท แอล.ที.ไอ. โปรดัคท์  จำกัด
7972	PO25110386
7973	PO25110387
7974	PO25110388
7975	PO25110389
7976	PO25110390
7977	PO25110391
7978	PO25110392
7979	PO25110393
7980	PO25110394
7981	PO25110395
7982	PO25110396
7983	PO25110397
7984	PO25110398
7985	PO25110399
7986	PO25110400
7987	PO25110401
7988	PO25110402
7989	PO25110403
7990	PO25110404
7991	PO25110405
7992	PO25110406
7993	PO25110407
7994	DOSUP25110011
7995	บริษัท นายทำถูก  จำกัด
7996	PO25110408
7997	PO25110409
7998	PO25110410
7999	PO25110411
8000	PO25110412
8001	PO25110413
8002	PO25110414
8003	PO25110415
8004	PO25120001
8005	PO25120002
8006	PO25120003
8007	PO25120004
8008	PO25120005
8009	PO25120006
8010	PO25120007
8011	PO25120008
8012	PO25120009
8013	PO25120010
8014	PO25120011
8015	PO25120012
8016	PO25120013
8017	PO25120014
8018	PO25120015
8019	PO25120016
8020	PO25120017
8021	PO25120018
8022	PO25120019
8023	PO25120020
8024	PO25120021
8025	PO25120022
8026	PO25120023
8027	PO25120024
8028	PO25120025
8029	PO25120026
8030	PO25120027
8031	PO25120028
8032	PO25120029
8033	PO25120030
8034	PO25120031
8035	PO25120032
8036	PO25120033
8037	PO25120034
8038	PO25120035
8039	PO25120037
8040	PO25120038
8041	PO25120039
8042	PO25120040
8043	PO25120041
8044	PO25120042
8045	PO25120043
8046	PO25120044
8047	PO25120045
8048	PO25120046
8049	PO25120047
8050	PO25120048
8051	PO25120049
8052	PO25120050
8053	PO25120051
8054	PO25120052
8055	PO25120053
8056	PO25120054
8057	PO25120055
8058	PO25120056
8059	PO25120057
8060	PO25120059
8061	PO25120060
8062	PO25120061
8063	PO25120062
8064	PO25120063
8065	PO25120064
8066	PO25120065
8067	PO25120066
8068	PO25120067
8069	PO25120068
8070	PO25120069
8071	PO25120070
8072	PO25120071
8073	PO25120072
8074	PO25120073
8075	PO25120074
8076	PO25120075
8077	PO25120076
8078	PO25120077
8079	PO25120078
8080	PO25120079
8081	PO25120080
8082	PO25120081
8083	PO25120082
8084	PO25120083
8085	PO25120084
8086	PO25120085
8087	PO25120086
8088	PO25120087
8089	PO25120088
8090	PO25120089
8091	PO25120090
8092	PO25120091
8093	PO25120092
8094	PO25120093
8095	PO25120094
8096	PO25120095
8097	PO25120096
8098	PO25120097
8099	PO25120098
8100	PO25120099
8101	PO25120100
8102	PO25120101
8103	PO25120102
8104	PO25120103
8105	PO25120104
8106	PO25120105
8107	PO25120106
8108	PO25120107
8109	PO25120108
8110	PO25120109
8111	PO25120110
8112	PO25120111
8113	PO25120112
8114	PO25120113
8115	PO25120114
8116	PO25120115
8117	PO25120116
8118	PO25120117
8119	PO25120118
8120	PO25120119
8121	PO25120120
8122	PO25120121
8123	PO25120122
8124	PO25120123
8125	PO25120124
8126	PO25120125
8127	PO25120126
8128	PO25120127
8129	PO25120128
8130	PO25120129
8131	PO25120130
8132	PO25120131
8133	PO25120132
8134	PO25120133
8135	PO25120134
8136	PO25120135
8137	PO25120136
8138	PO25120137
8139	PO25120138
8140	PO25120139
8141	PO25120140
8142	PO25120141
8143	PO25120142
8144	PO25120143
8145	PO25120144
8146	PO25120145
8147	PO25120146
8148	PO25120147
8149	PO25120148
8150	PO25120149
8151	PO25120150
8152	PO25120151
8153	PO25120152
8154	PO25120153
8155	PO25120154
8156	PO25120155
8157	PO25120156
8158	PO25120157
8159	PO25120158
8160	PO25120159
8161	PO25120160
8162	PO25120161
8163	PO25120162
8164	PO25120163
8165	PO25120164
8166	PO25120165
8167	PO25120166
8168	PO25120167
8169	PO25120168
8170	PO25120169
8171	PO25120170
8172	PO25120171
8173	PO25120172
8174	PO25120173
8175	PO25120174
8176	PO25120176
8177	PO25120177
8178	PO25120178
8179	PO25120179
8180	PO25120180
8181	PO25120181
8182	PO25120182
8183	PO25120183
8184	PO25120184
8185	PO25120185
8186	DOSUP25120001
8187	บริษัท ยูนิแลมป์  จำกัด
8188	PO25120186
8189	PO25120187
8190	PO25120188
8191	PO25120189
8192	PO25120190
8193	PO25120192
8194	PO25120193
8195	PO25120194
8196	PO25120195
8197	PO25120197
8198	PO25120198
8199	PO25120199
8200	PO25120200
8201	PO25120201
8202	PO25120202
8203	PO25120203
8204	PO25120204
8205	PO25120205
8206	PO25120206
8207	PO25120207
8208	PO25120208
8209	PO25120209
8210	PO25120210
8211	PO25120211
8212	PO25120212
8213	PO25120213
8214	PO25120215
8215	PO25120216
8216	PO25120217
8217	PO25120218
8218	PO25120219
8219	PO25120220
8220	PO25120221
8221	PO25120222
8222	PO25120223
8223	PO25120224
8224	PO25120225
8225	PO25120226
8226	PO25120227
8227	PO25120228
8228	PO25120229
8229	PO25120230
8230	PO25120231
8231	PO25120232
8232	PO25120233
8233	PO25120234
8234	PO25120235
8235	PO25120236
8236	PO25120237
8237	PO25120238
8238	DOSUP25120003
8239	บริษัท ดีเจริญ ไลท์ติ้ง แอนด์ ซัพพลาย จำกัด
8240	PO25120239
8241	PO25120240
8242	PO25120241
8243	PO25120242
8244	PO25120243
8245	PO25120244
8246	PO25120245
8247	PO25120246
8248	PO25120247
8249	PO25120248
8250	PO25120249
8251	PO25120250
8252	PO25120251
8253	PO25120252
8254	PO25120253
8255	PO25120254
8256	PO25120255
8257	PO25120256
8258	PO25120257
8259	PO25120258
8260	PO25120259
8261	PO25120261
8262	PO25120262
8263	PO25120264
8264	PO25120265
8265	PO25120266
8266	PO25120267
8267	PO25120268
8268	PO25120269
8269	PO25120270
8270	PO25120271
8271	PO25120272
8272	PO25120273
8273	PO25120274
8274	PO25120275
8275	PO25120276
8276	PO25120277
8277	PO25120278
8278	PO25120279
8279	PO25120280
8280	PO25120281
8281	PO25120282
8282	PO25120283
8283	PO25120284
8284	PO25120285
8285	PO25120288
8286	PO25120289
8287	PO25120290
8288	PO25120291
8289	PO25120292
8290	PO25120293
8291	PO25120294
8292	PO25120295
8293	PO25120296
8294	PO25120297
8295	PO25120298
8296	PO25120299
8297	PO25120300
8298	PO25120301
8299	PO25120302
8300	PO25120303
8301	PO25120304
8302	PO25120305
8303	PO25120306
8304	PO25120307
8305	PO25120308
8306	PO25120309
8307	บริษัท วิชชุกรเอ็นเตอร์ไพรส์ จำกัด
8308	PO25120311
8309	PO25120312
8310	บริษัท สตาร์ไลท์ติ้ง จำกัด
8311	PO25120313
8312	บริษัท อ.ไฟฟ้าพาณิชย์ จำกัด
8313	PO25120314
8314	บริษัท ต.ไพศาลเอ็นจิเนียริ่งกรุ๊พ จำกัด
8315	PO25120316
8316	PO25120317
8317	PO25120318
8318	PO25120319
8319	PO25120320
8320	PO25120321
8321	บริษัท ไฟฟ้าจิระไทยพาณิชย์ จำกัด
8322	PO25120322
8323	บริษัท ไลท์ติ้ง แอนด์ อีควิปเมนท์ จำกัด (มหาชน)
8324	PO25120323
8325	PO25120324
8326	PO25120325
8327	บริษัท เครื่องไฟฟ้าบุญธนาภัณฑ์ จำกัด
8328	PO25120326
8329	PO25120327
8330	บริษัท ไอโทเว่น อิเล็กทรอนิกส์ จำกัด
8331	PO25120328
8332	บริษัท แสงชัยไลท์ติ้ง จำกัด
8333	PO25120329
8334	PO25120330
8335	PO25120331
8336	PO25120332
8337	PO25120333
8338	PO25120334
8339	PO25120335
8340	PO25120336
8341	PO25120337
8342	PO25120338
8343	PO25120339
8344	PO25120340
8345	PO25120341
8346	PO25120342
8347	PO25120343
8348	บริษัท อีฟ ไลท์ติ้ง จำกัด
8349	PO25120344
8350	บริษัท เทราไบร้ท์ จำกัด
8351	PO25120345
8352	PO25120346
8353	PO25120347
8354	DOSUP25120013
8355	นาย สมชาย คงภิวัฒนา
8356	PO25120348
8357	DOSUP25120014
8358	บริษัท ดิจิไบรท์ โซลูชั่นส์ จำกัด
8359	PO25120350
8360	บริษัท เอสพีพี คอนกรีต ทรัพย์ทวี จำกัด
8361	PO26010001
8362	บริษัท ธนกิตติ์การไฟฟ้า จำกัด
8363	PO26010002
8364	PO26010003
8365	PO26010004
8366	PO26010005
8367	บริษัท โชติธนา อิมปอร์ต เอ็กซ์ปอร์ต จำกัด
8368	PO26010006
8369	PO26010007
8370	PO26010008
8371	PO26010009
8372	PO26010010
8373	PO26010011
8374	PO26010012
8375	PO26010013
8376	PO26010014
8377	PO26010015
8378	PO26010016
8379	PO26010017
8380	PO26010018
8381	PO26010019
8382	PO26010020
8383	PO26010021
8384	PO26010022
8385	PO26010023
8386	บริษัท อีสออน อิมปอร์ต-เอ็กซ์ปอร์ต จำกัด
8387	PO26010024
8388	PO26010025
8389	PO26010026
8390	PO26010027
8391	PO26010028
8392	PO26010029
8393	PO26010030
8394	PO26010031
8395	PO26010032
8396	PO26010033
8397	PO26010034
8398	PO26010035
8399	PO26010036
8400	PO26010037
8401	PO26010038
8402	PO26010039
8403	PO26010040
8404	PO26010041
8405	PO26010042
8406	PO26010043
8407	PO26010044
8408	PO26010045
8409	PO26010046
8410	PO26010047
8411	PO26010048
8412	PO26010049
8413	PO26010050
8414	PO26010051
8415	PO26010052
8416	PO26010053
8417	PO26010054
8418	PO26010055
8419	PO26010056
8420	PO26010057
8421	PO26010058
8422	PO26010059
8423	PO26010060
8424	PO26010061
8425	PO26010062
8426	PO26010063
8427	PO26010064
8428	PO26010066
8429	PO26010067
8430	PO26010068
8431	PO26010069
8432	PO26010070
8433	PO26010071
8434	PO26010072
8435	PO26010073
8436	PO26010074
8437	PO26010075
8438	PO26010076
8439	PO26010077
8440	PO26010078
8441	PO26010079
8442	PO26010080
8443	PO26010081
8444	PO26010082
8445	PO26010083
8446	PO26010084
8447	DOSUP26010001
8448	บริษัท 68 คอมพิวเตอร์ ซัพพลาย จำกัด
8449	PO26010085
8450	DOSUP26010005
8451	นายสันติ รักยอด
8452	PO26010086
8453	PO26010087
8454	PO26010088
8455	PO26010089
8456	PO26010090
8457	PO26010091
8458	PO26010092
8459	PO26010093
8460	PO26010094
8461	PO26010095
8462	PO26010096
8463	PO26010097
8464	PO26010098
8465	PO26010099
8466	PO26010100
8467	PO26010101
8468	บริษัท แลมป์ตั้น ไลท์ติ้ง (2001) จำกัด
8469	PO26010102
8470	PO26010103
8471	PO26010104
8472	PO26010105
8473	PO26010106
8474	บริษัท มัลติ อีเล็คทริค จำกัด
8475	PO26010107
8476	PO26010108
8477	PO26010109
8478	PO26010110
8479	PO26010111
8480	PO26010112
8481	PO26010113
8482	PO26010115
8483	PO26010116
8484	PO26010117
8485	PO26010118
8486	PO26010120
8487	PO26010121
8488	PO26010122
8489	PO26010123
8490	PO26010124
8491	PO26010125
8492	PO26010126
8493	PO26010127
8494	PO26010128
8495	PO26010129
8496	PO26010130
8497	PO26010131
8498	PO26010132
8499	PO26010133
8500	PO26010134
8501	PO26010135
8502	PO26010136
8503	PO26010137
8504	PO26010138
8505	PO26010139
8506	PO26010140
8507	PO26010141
8508	PO26010142
8509	PO26010143
8510	PO26010144
8511	PO26010145
8512	PO26010146
8513	PO26010147
8514	PO26010148
8515	PO26010149
8516	PO26010150
8517	PO26010151
8518	PO26010152
8519	PO26010153
8520	PO26010154
8521	PO26010155
8522	PO26010156
8523	PO26010157
8524	PO26010158
8525	PO26010159
8526	PO26010160
8527	PO26010161
8528	PO26010162
8529	PO26010163
8530	PO26010164
8531	PO26010165
8532	DOSUP26010007
8533	บริษัท เซ็นทรัล บิซิเนส ฟอร์ม จำกัด
8534	PO26010166
8535	PO26010167
8536	PO26010168
8537	PO26010169
8538	PO26010170
8539	PO26010171
8540	PO26010172
8541	PO26010173
8542	PO26010174
8543	PO26010175
8544	PO26010176
8545	PO26010177
8546	PO26010178
8547	PO26010180
8548	PO26010181
8549	PO26010182
8550	PO26010183
8551	PO26010184
8552	บริษัท ส.สว่างชัย ไลท์ติ้ง จำกัด
8553	PO26010185
8554	DOSUP26010008
8555	บริษัท คมม์พัชร จำกัด
8556	PO26010186
8557	PO26010187
8558	PO26010188
8559	PO26010189
8560	PO26010190
8561	PO26010191
8562	PO26010192
8563	PO26010193
8564	PO26010194
8565	PO26010195
8566	PO26010196
8567	PO26010197
8568	PO26010198
8569	PO26010199
8570	บริษัท แสงใหม่การไฟฟ้า จำกัด
8571	PO26010200
8572	PO26010201
8573	PO26010202
8574	PO26010203
8575	PO26010204
8576	PO26010205
8577	PO26010206
8578	PO26010207
8579	PO26010208
8580	PO26010209
8581	PO26010210
8582	PO26010211
8583	PO26010212
8584	PO26010213
8585	PO26010215
8586	PO26010216
8587	PO26010217
8588	PO26010218
8589	PO26010219
8590	PO26010220
8591	PO26010221
8592	PO26010222
8593	PO26010223
8594	PO26010224
8595	PO26010225
8596	PO26010226
8597	PO26010227
8598	PO26010228
8599	PO26010229
8600	PO26010231
8601	PO26010232
8602	PO26010233
8603	PO26010234
8604	PO26010235
8605	PO26010236
8606	PO26010237
8607	PO26010238
8608	PO26010239
8609	PO26010240
8610	บริษัท ซี-ทีแอล คอร์ปอเรชั่น จำกัด
8611	PO26010241
8612	PO26010242
8613	PO26010243
8614	PO26010244
8615	PO26010245
8616	PO26010246
8617	PO26010247
8618	PO26010248
8619	PO26010249
8620	PO26010250
8621	PO26010251
8622	PO26010252
8623	PO26010253
8624	PO26010254
8625	PO26010255
8626	PO26010256
8627	PO26010257
8628	PO26010259
8629	PO26010260
8630	PO26010261
8631	PO26010262
8632	PO26010263
8633	PO26010264
8634	PO26010265
8635	PO26010266
8636	PO26010267
8637	PO26010268
8638	PO26010269
8639	PO26010270
8640	PO26010271
8641	PO26010272
8642	PO26010273
8643	PO26010274
8644	PO26010275
8645	PO26010276
8646	PO26010277
8647	บริษัท ริชไลน์ เทคโนโลยี จำกัด
8648	PO26010278
8649	PO26010279
8650	PO26010280
8651	PO26010281
8652	PO26010282
8653	PO26010283
8654	PO26010284
8655	PO26010285
8656	PO26010286
8657	PO26010287
8658	PO26010288
8659	PO26010289
8660	PO26010290
8661	PO26010291
8662	PO26010292
8663	PO26010293
8664	PO26010294
8665	PO26010295
8666	PO26010296
8667	PO26010297
8668	PO26010298
8669	PO26010299
8670	PO26010300
8671	PO26010301
8672	PO26010302
8673	PO26010303
8674	PO26010304
8675	PO26010305
8676	PO26010306
8677	PO26010307
8678	PO26010308
8679	PO26010309
8680	PO26010310
8681	PO26010311
8682	PO26010312
8683	SUP24-134
8684	บริษัท พี.ซี.เอ็ม. ไลท์ติ้ง  จำกัด
8685	PO26010313
8686	PO26010314
8687	บริษัท วุ้ยล้ง ไลท์ติ้ง จำกัด
8688	PO26010315
8689	PO26010316
8690	PO26010317
8691	PO26010318
8692	PO26010319
8693	PO26010320
8694	PO26010321
8695	PO26010322
8696	PO26010323
8697	PO26010324
8698	PO26010325
8699	PO26010326
8700	PO26010327
8701	PO26010329
8702	PO26010330
8703	PO26010331
8704	PO26010332
8705	PO26010333
8706	PO26010334
8707	PO26010335
8708	PO26010336
8709	PO26010337
8710	PO26010338
8711	PO26010339
8712	PO26010340
8713	PO26010341
8714	PO26010342
8715	PO26010343
8716	PO26010344
8717	PO26010345
8718	PO26010346
8719	PO26010347
8720	PO26010348
8721	PO26010349
8722	บริษัท เอ็ม แอล ไลท์ จำกัด
8723	PO26010350
8724	PO26010351
8725	PO26010352
8726	PO26010353
8727	PO26010354
8728	PO26010356
8729	PO26010357
8730	PO26010358
8731	PO26010359
8732	PO26010360
8733	PO26010361
8734	PO26010362
8735	PO26010363
8736	PO26010364
8737	PO26010366
8738	PO26010367
8739	PO26010368
8740	PO26010369
8741	PO26010370
8742	PO26010371
8743	PO26010372
8744	DOSUP26010011
8745	บริษัท ยูนิตี้ ซัพพลาย แอนด์ เซอร์วิส  จำกัด
8746	PO26010373
8747	PO26010374
8748	PO26010375
8749	PO26020001
8750	PO26020002
8751	PO26020003
8752	PO26020004
8753	PO26020005
8754	PO26020006
8755	PO26020007
8756	PO26020008
8757	PO26020009
8758	PO26020010
8759	PO26020011
8760	PO26020014
8761	PO26020015
8762	PO26020016
8763	PO26020017
8764	PO26020018
8765	PO26020019
8766	PO26020020
8767	PO26020021
8768	PO26020022
8769	PO26020023
8770	PO26020024
8771	PO26020025
8772	PO26020026
8773	PO26020027
8774	PO26020028
8775	PO26020029
8776	PO26020030
8777	PO26020031
8778	PO26020033
8779	PO26020034
8780	PO26020035
8781	PO26020036
8782	PO26020037
8783	PO26020038
8784	PO26020039
8785	PO26020040
8786	PO26020041
8787	PO26020042
8788	PO26020043
8789	PO26020044
8790	PO26020045
8791	PO26020046
8792	PO26020047
8793	PO26020048
8794	PO26020049
8795	PO26020051
8796	PO26020052
8797	PO26020053
8798	PO26020054
8799	PO26020055
8800	PO26020056
8801	PO26020057
8802	PO26020058
8803	PO26020059
8804	PO26020060
8805	PO26020061
8806	PO26020062
8807	บริษัท ช.รุ่งแสงไลท์ติ้ง จำกัด
8808	PO26020063
8809	PO26020064
8810	PO26020065
8811	PO26020066
8812	บริษัท เรเซอร์การไฟฟ้า (ประเทศไทย) จำกัด
8813	PO26020067
8814	PO26020068
8815	PO26020069
8816	PO26020070
8817	PO26020071
8818	PO26020072
8819	PO26020073
8820	PO26020074
8821	PO26020075
8822	PO26020076
8823	PO26020077
8824	PO26020079
8825	PO26020080
8826	PO26020081
8827	PO26020082
8828	PO26020083
8829	PO26020084
8830	PO26020085
8831	PO26020086
8832	PO26020087
8833	PO26020088
8834	PO26020089
8835	PO26020090
8836	PO26020091
8837	PO26020092
8838	PO26020093
8839	PO26020094
8840	PO26020095
8841	PO26020096
8842	PO26020097
8843	PO26020098
8844	PO26020099
8845	PO26020100
8846	PO26020101
8847	PO26020102
8848	PO26020103
8849	PO26020104
8850	PO26020105
8851	PO26020106
8852	PO26020107
8853	PO26020108
8854	PO26020109
8855	PO26020110
8856	PO26020111
8857	PO26020112
8858	PO26020113
8859	PO26020114
8860	PO26020115
8861	บริษัท ไฟฟ้าแสงสว่าง จำกัด
8862	PO26020116
8863	PO26020117
8864	PO26020118
8865	PO26020119
8866	PO26020120
8867	PO26020121
8868	PO26020122
8869	PO26020123
8870	PO26020124
8871	PO26020125
8872	PO26020126
8873	PO26020127
8874	PO26020128
8875	PO26020129
8876	PO26020130
8877	PO26020131
8878	PO26020132
8879	PO26020133
8880	PO26020134
8881	PO26020135
8882	PO26020136
8883	PO26020137
8884	PO26020138
8885	PO26020139
8886	PO26020140
8887	PO26020141
8888	PO26020142
8889	PO26020143
8890	PO26020144
8891	PO26020145
8892	SK-02
8893	PO26020146
8894	PO26020147
8895	PO26020148
8896	PO26020149
8897	PO26020150
8898	PO26020151
8899	PO26020152
8900	PO26020153
8901	PO26020154
8902	PO26020155
8903	PO26020156
8904	PO26020157
8905	PO26020158
8906	PO26020159
8907	PO26020160
8908	PO26020161
8909	PO26020162
8910	PO26020163
8911	PO26020164
8912	PO26020165
8913	PO26020166
8914	PO26020167
8915	PO26020168
8916	PO26020169
8917	PO26020170
8918	PO26020171
8919	PO26020172
8920	PO26020173
8921	PO26020174
8922	PO26020176
8923	PO26020177
8924	PO26020178
8925	PO26020179
8926	PO26020180
8927	PO26020181
8928	PO26020182
8929	PO26020183
8930	PO26020184
8931	PO26020185
8932	PO26020186
8933	PO26020187
8934	บริษัท ไฮไลท์ อิเล็กทรอนิกส์ จำกัด
8935	PO26020188
8936	PO26020189
8937	PO26020190
8938	PO26020191
8939	PO26020192
8940	PO26020193
8941	PO26020194
8942	PO26020195
8943	PO26020196
8944	PO26020197
8945	PO26020198
8946	PO26020199
8947	PO26020200
8948	PO26020201
8949	PO26020202
8950	PO26020203
8951	PO26020204
8952	PO26020205
8953	PO26020206
8954	PO26020207
8955	PO26020209
8956	PO26020210
8957	PO26020211
8958	PO26020212
8959	PO26020213
8960	PO26020214
8961	PO26020215
8962	PO26020216
8963	PO26020217
8964	PO26020218
8965	PO26020219
8966	PO26020220
8967	PO26020221
8968	PO26020223
8969	PO26020224
8970	PO26020225
8971	PO26020226
8972	บริษัท ไบโอ เอนเนอจีส์ กรุ๊ป 168 จำกัด
8973	PO26020227
8974	PO26020228
8975	PO26020229
8976	PO26020230
8977	PO26020231
8978	PO26020233
8979	PO26020234
8980	PO26020235
8981	PO26020236
8982	PO26020237
8983	PO26020238
8984	PO26020239
8985	PO26020240
8986	PO26020241
8987	PO26020242
8988	KP-01
8989	PO26020243
8990	PO26020244
8991	PO26020245
8992	PO26020246
8993	PO26020247
8994	PO26020248
8995	PO26020249
8996	PO26020250
8997	PO26020251
8998	PO26020252
8999	PO26020253
9000	PO26020254
9001	PO26020256
9002	PO26020257
9003	PO26020258
9004	PO26020259
9005	PO26020260
9006	PO26020261
9007	PO26020262
9008	PO26020263
9009	PO26020264
9010	PO26020265
9011	PO26020266
9012	PO26020268
9013	PO26020269
9014	PO26020270
9015	PO26020271
9016	PO26020272
9017	PO26020273
9018	PO26020274
9019	PO26020275
9020	PO26020276
9021	PO26020277
9022	PO26020278
9023	PO26020279
9024	PO26020280
9025	PO26020281
9026	PO26020282
9027	PO26020283
9028	PO26020284
9029	PO26020285
9030	PO26020286
9031	PO26020287
9032	PO26020288
9033	PO26020289
9034	PO26020290
9035	PO26020291
9036	PO26020292
9037	PO26020293
9038	PO26020294
9039	PO26020295
9040	PO26020296
9041	PO26020297
9042	PO26020298
9043	PO26020299
9044	DOSUP26020009
9045	ห้างหุ้นส่วนจำกัด เจ. 107 ดีไซน์
9046	PO26020300
9047	PO26020301
9048	PO26020302
9049	PO26020303
9050	PO26020306
9051	PO26020307
9052	PO26020308
9053	PO26020309
9054	PO26020310
9055	PO26020311
9056	PO26020312
9057	PO26020313
9058	PO26020314
9059	PO26020315
9060	PO26020316
9061	PO26020317
9062	PO26020318
9063	PO26020320
9064	PO26020321
9065	PO26020322
9066	PO26020323
9067	PO26020324
9068	PO26020325
9069	PO26020326
9070	PO26020327
9071	PO26020328
9072	PO26020329
9073	PO26020330
9074	PO26020331
9075	PO26020332
9076	PO26020333
9077	PO26020334
9078	PO26020335
9079	PO26020336
9080	PO26020337
9081	PO26020338
9082	PO26020339
9083	PO26020340
9084	PO26020341
9085	PO26020342
9086	PO26020343
9087	PO26020344
9088	PO26020345
9089	PO26020346
9090	PO26020347
9091	PO26020348
9092	PO26020349
9093	PO26020350
9094	PO26020351
9095	PO26020352
9096	PO26020353
9097	PO26020354
9098	PO26020355
9099	PO26020357
9100	PO26020358
9101	PO26020359
9102	DOSUP26010010
9103	บริษัท ไทยโตชิบาไลท์ติ้ง จำกัด
9104	PO26020360
9105	PO26020361
9106	PO26020362
9107	PO26020363
9108	PO26020364
9109	PO26020365
9110	PO26020366
9111	PO26020367
9112	PO26020368
9113	PO26020369
9114	PO26020370
9115	PO26020371
9116	PO26020372
9117	PO26020374
9118	PO26020375
9119	PO26020376
9120	SUP24-473
9121	บริษัท ลีเอ็นเตอร์ไพร์สและบุตร จำกัด
9122	PO26020377
9123	PO26020378
9124	PO26020379
9125	PO26020380
9126	PO26020381
9127	PO26020382
9128	DOSUP26020012
9129	บริษัท เคลฟเวอร์ อินเตอร์ เท๊กซ์ จำกัด
9130	PO26020383
9131	PO26020384
9132	PO26020385
9133	PO26020386
9134	PO26020387
9135	PO26020388
9136	PO26020389
9137	PO26020390
9138	PO26020391
9139	PO26020392
9140	PO26020393
9141	PO26020394
9142	PO26020395
9143	PO26020396
9144	PO26020397
9145	PO26020398
9146	PO26020399
9147	PO26020400
9148	PO26020401
9149	PO26020402
9150	PO26020403
9151	PO26020404
9152	PO26020405
9153	PO26020406
9154	PO26020407
9155	PO26020408
9156	PO26020409
9157	PO26020410
9158	PO26020413
9159	PO26020414
9160	บริษัท เอี่ยมพงศ์พัฒนา จำกัด
9161	PO26020415
9162	PO26030001
9163	PO26030002
9164	PO26030003
9165	PO26030004
9166	PO26030006
9167	PO26030007
9168	PO26030008
9169	PO26030009
9170	PO26030010
9171	PO26030011
9172	PO26030012
9173	PO26030013
9174	PO26030014
9175	PO26030015
9176	PO26030016
9177	PO26030017
9178	PO26030018
9179	PO26030019
9180	PO26030020
9181	PO26030022
9182	PO26030023
9183	PO26030024
9184	PO26030025
9185	PO26030026
9186	PO26030028
9187	PO26030029
9188	PO26030030
9189	PO26030031
9190	PO26030032
9191	PO26030033
9192	PO26030034
9193	PO26030035
9194	PO26030036
9195	PO26030037
9196	PO26030038
9197	PO26030039
9198	PO26030040
9199	PO26030041
9200	PO26030042
9201	PO26030043
9202	PO26030044
9203	PO26030045
9204	PO26030046
9205	PO26030047
9206	PO26030048
9207	PO26030049
9208	PO26030050
9209	PO26030051
9210	PO26030052
9211	PO26030053
9212	PO26030054
9213	PO26030055
9214	PO26030056
9215	PO26030057
9216	PO26030059
9217	PO26030061
9218	PO26030062
9219	PO26030063
9220	PO26030064
9221	PO26030065
9222	PO26030066
9223	PO26030067
9224	PO26030068
9225	PO26030069
9226	บริษัท ตี๋ฟันทองการไฟฟ้า จำกัด
9227	PO26030070
9228	PO26030071
9229	PO26030072
9230	PO26030073
9231	PO26030074
9232	PO26030075
9233	PO26030076
9234	PO26030077
9235	PO26030078
9236	PO26030079
9237	PO26030080
9238	PO26030081
9239	PO26030082
9240	PO26030084
9241	บริษัท เอ็นริช เอ็นเนอร์จี จำกัด
9242	PO26030085
9243	PO26030086
9244	PO26030087
9245	PO26030088
9246	PO26030089
9247	PO26030090
9248	PO26030091
9249	PO26030092
9250	PO26030093
9251	PO26030094
9252	PO26030095
9253	PO26030096
9254	PO26030097
9255	PO26030098
9256	PO26030099
9257	PO26030100
9258	PO26030101
9259	PO26030102
9260	PO26030104
9261	PO26030105
9262	PO26030106
9263	PO26030107
9264	PO26030108
9265	PO26030109
9266	PO26030110
9267	PO26030111
9268	PO26030112
9269	PO26030113
9270	PO26030114
9271	PO26030115
9272	PO26030116
9273	PO26030117
9274	PO26030118
9275	PO26030119
9276	PO26030120
9277	PO26030121
9278	PO26030122
9279	PO26030123
9280	PO26030124
9281	PO26030126
9282	PO26030127
9283	PO26030128
9284	PO26030129
9285	PO26030130
9286	PO26030131
9287	PO26030132
9288	PO26030133
9289	PO26030134
9290	PO26030135
9291	PO26030136
9292	PO26030137
9293	PO26030138
9294	PO26030139
9295	PO26030140
9296	PO26030141
9297	PO26030142
9298	PO26030143
9299	PO26030145
9300	PO26030146
9301	PO26030147
9302	PO26030148
9303	PO26030149
9304	PO26030150
9305	PO26030152
9306	PO26030153
9307	PO26030154
9308	PO26030155
9309	PO26030156
9310	PO26030157
9311	PO26030158
9312	PO26030159
9313	PO26030160
9314	PO26030161
9315	PO26030162
9316	PO26030163
9317	PO26030165
9318	PO26030166
9319	PO26030167
9320	PO26030168
9321	PO26030170
9322	PO26030172
9323	PO26030173
9324	PO26030174
9325	PO26030175
9326	PO26030176
9327	PO26030178
9328	PO26030179
9329	PO26030180
9330	DOSUP26030006
9331	บริษัท เวลท์แพลนเน็ต จำกัด
9332	PO26030181
9333	PO26030182
9334	PO26030183
9335	PO26030184
9336	PO26030185
9337	PO26030187
9338	PO26030188
9339	PO26030189
9340	PO26030190
9341	PO26030191
9342	PO26030192
9343	PO26030193
9344	PO26030194
9345	PO26030195
9346	PO26030196
9347	PO26030197
9348	PO26030198
9349	PO26030199
9350	PO26030200
9351	PO26030201
9352	PO26030202
9353	PO26030203
9354	PO26030204
9355	PO26030205
9356	PO26030206
9357	PO26030207
9358	PO26030209
9359	PO26030210
9360	PO26030211
9361	PO26030212
9362	PO26030213
9363	PO26030214
9364	PO26030215
9365	PO26030216
9366	PO26030217
9367	PO26030218
9368	PO26030219
9369	PO26030220
9370	PO26030221
9371	PO26030222
9372	PO26030223
9373	RM-01
9374	PO26030224
9375	PO26030225
9376	PO26030226
9377	PO26030227
9378	PO26030228
9379	PO26030229
9380	PO26030230
9381	PO26030231
9382	PO26030232
9383	PO26030233
9384	PO26030234
9385	PO26030235
9386	PO26030236
9387	PO26030237
9388	PO26030238
9389	PO26030239
9390	PO26030240
9391	PO26030241
9392	PO26030242
9393	PO26030243
9394	PO26030244
9395	PO26030245
9396	PO26030247
9397	PO26030249
9398	PO26030250
9399	PO26030251
9400	PO26030252
9401	PO26030253
9402	PO26030254
9403	PO26030255
9404	PO26030256
9405	PO26030257
9406	PO26030258
9407	PO26030259
9408	PO26030260
9409	PO26030261
9410	PO26030262
9411	PO26030263
9412	PO26030264
9413	PO26030265
9414	PO26030266
9415	PO26030267
9416	PO26030268
9417	PO26030269
9418	PO26030270
9419	PO26030271
9420	PO26030272
9421	PO26030273
9422	PO26030274
9423	PO26030275
9424	PO26030276
9425	PO26030277
9426	PO26030278
9427	PO26030279
9428	PO26030281
9429	PO26030282
9430	PO26030283
9431	PO26030284
9432	PO26030285
9433	PO26030286
9434	PO26030287
9435	PO26030288
9436	PO26030289
9437	PO26030290
9438	PO26030291
9439	PO26030292
9440	PO26030294
9441	PO26030295
9442	PO26030296
9443	PO26030297
9444	PO26030298
9445	PO26030299
9446	PO26030300
9447	PO26030301
9448	PO26030302
9449	PO26030303
9450	PO26030305
9451	PO26030306
9452	PO26030307
9453	PO26030308
9454	PO26030310
9455	PO26030311
9456	PO26030312
9457	PO26030313
9458	PO26030314
9459	PO26030315
9460	PO26030316
9461	PO26030317
9462	PO26030318
9463	PO26030319
9464	PO26030320
9465	PO26030321
9466	PO26030322
9467	PO26030323
9468	PO26030324
9469	PO26030325
9470	PO26030326
9471	PO26030327
9472	PO26030328
9473	PO26030329
9474	PO26030330
9475	PO26030331
9476	PO26030332
9477	PO26030333
9478	PO26030334
9479	PO26030335
9480	บริษัท ไลท์ติ้ง เวิลด จำกัด
9481	PO26030336
9482	PO26030337
9483	PO26030339
9484	PO26030340
9485	PO26030341
9486	PO26030342
9487	PO26030343
9488	PO26030344
9489	PO26030345
9490	PO26030346
9491	PO26030347
9492	PO26030348
9493	PO26030349
9494	PO26030350
9495	PO26030351
9496	PO26030352
9497	PO26030353
9498	PO26030354
9499	PO26030355
9500	บริษัท แอล.เอ็กซ์.อีเล็คโทรนิคส์ จำกัด
9501	PO26030356
9502	PO26030357
9503	PO26030358
9504	PO26030359
9505	PO26030360
9506	PO26030361
9507	PO26030362
9508	PO26030363
9509	PO26030364
9510	PO26030365
9511	PO26030366
9512	PO26030367
9513	PO26030368
9514	PO26030369
9515	PO26030370
9516	PO26030371
9517	PO26030372
9518	PO26030373
9519	PO26030374
9520	PO26030375
9521	PO26030376
9522	PO26030377
9523	SUP24-527
9524	หจก .พฤษธิไกร คูลลิ่ง เซ็นเตอร์
9525	PO26030378
9526	PO26030379
9527	PO26030380
9528	PO26030381
9529	PO26030382
9530	PO26030383
9531	PO26030384
9532	PO26030385
9533	PO26030386
9534	PO26030387
9535	PO26030388
9536	PO26030389
9537	PO26030390
9538	PO26030391
9539	PO26030392
9540	PO26030393
9541	PO26030394
9542	PO26030395
9543	PO26030396
9544	PO26030397
9545	PO26030398
9546	PO26030399
9547	PO26030400
9548	PO26030401
9549	PO26030402
9550	PO26030403
9551	PO26030404
9552	PO26030405
9553	PO26030406
9554	PO26030407
9555	PO26030408
9556	PO26030409
9557	PO26030410
9558	PO26030411
9559	PO26030412
9560	PO26030413
9561	PO26030414
9562	PO26030415
9563	PO26030416
9564	PO26030417
9565	PO26030418
9566	PO26030419
9567	PO26030420
9568	PO26030421
9569	PO26030422
9570	PO26030423
9571	PO26030424
9572	PO26030426
9573	PO26030427
9574	PO26030428
9575	PO26030429
9576	PO26030430
9577	PO26030431
9578	PO26030432
9579	PO26030433
9580	PO26030434
9581	PO26030435
9582	PO26030436
9583	PO26030437
9584	PO26030438
9585	PO26030440
9586	PO26030442
9587	PO26030443
9588	DOSUP26030012
9589	บริษัท คลาวด์ คอนซัลแทนท์ (1981) จำกัด
9590	PO26030444
9591	PO26030445
9592	PO26030446
9593	PO26030447
9594	PO26030448
9595	PO26030449
9596	PO26030450
9597	PO26030451
9598	PO26030452
9599	PO26030453
9600	PO26030455
9601	PO26030456
9602	PO26030457
9603	PO26030458
9604	PO26030460
9605	PO26030462
9606	PO26030463
9607	PO26030464
9608	PO26030465
9609	PO26030466
9610	PO26030467
9611	PO26030468
9612	PO26030469
9613	PO26030472
9614	PO26030473
9615	PO26030474
9616	PO26030476
9617	PO26030478
9618	PO26030479
9619	PO26030480
9620	PO26030481
9621	PO26030482
9622	PO26030483
9623	PO26030485
9624	PO26030486
9625	PO26030487
9626	PO26030488
9627	PO26030489
9628	PO26030491
9629	NW
9630	PO26030492
9631	PO26030493
9632	PO26030494
9633	PO26030495
9634	PO26030496
9635	PO26030497
9636	DOSUP26030013
9637	บริษัท เจ เอส ออโต้เซลส์ จำกัด
9638	PO26030498
9639	PO26030500
9640	PO26030501
9641	PO26030502
9642	PO26030503
9643	PO26030504
9644	PO26030505
9645	PO26030507
9646	PO26030508
9647	PO26030509
9648	PO26030510
9649	PO26030511
9650	PO26030512
9651	PO26030513
9652	PO26030515
9653	PO26030516
9654	PO26030517
9655	DOSUP26030014
9656	บริษัทเพาเวอร์บาย จำกัด สาขาไดเร็คเซลล์
9657	PO26030518
9658	PO26040002
9659	PO26040003
9660	PO26040004
9661	PO26040005
9662	PO26040006
9663	PO26040007
9664	PO26040008
9665	PO26040009
9666	PO26040010
9667	PO26040011
9668	PO26040013
9669	PO26040014
9670	PO26040017
9671	PO26040018
9672	PO26040019
9673	PO26040020
9674	PO26040021
9675	PO26040022
9676	PO26040023
9677	PO26040024
9678	PO26040025
9679	PO26040026
9680	PO26040027
9681	PO26040028
9682	PO26040029
9683	PO26040030
9684	PO26040031
9685	PO26040032
9686	PO26040033
9687	PO26040034
9688	PO26040035
9689	PO26040036
9690	PO26040037
9691	PO26040038
9692	PO26040040
9693	PO26040042
9694	PO26040043
9695	PO26040046
9696	PO26040047
9697	PO26040048
9698	PO26040049
9699	PO26040050
9700	PO26040051
9701	PO26040056
9702	PO26040060
9703	PO26040061
9704	PO26040062
9705	PO26040064
9706	PO26040065
9707	PO26040068
9708	PO26040069
9709	PO26040070
9710	PO26040073
9711	PO26040074
9712	PO26040075
9713	PO26040076
9714	PO26040077
9715	PO26040078
9716	PO26040079
9717	PO26040080
9718	PO26040081
9719	PO26040089
9720	PO26040098
9721	PO26040102
9722	PO26040113
9723	PO26040114
9724	PO26040131
9725	PO26040150
9726	PO26040244
9727	PO26040273
9728	PO26040287
9729	PK-P
9730	PO26040296
9731	PO26050024
9732	PO26050066
9733	PO26050071
9734	PO26050082
9735	WS
9736	PO26050084
9737	PO26050085
9738	PO26050089
9739	PO26050091
9740	PO26050101
9741	PO26050109
9742	PO26050112
9743	PO26050127
9744	PO26050143
9745	PO26050146
9746	PO26050147
9747	PO26050150
9748	PO26050159
9749	PO26050169
9750	PO26050170
9751	PO26050171
9752	PO26050172
9753	PU
9754	02
9755	การซื้อสินค้าในประเทศเพื่อขาย PR / PO
9756	PO26050173
9757	PO26050174
9758	บริษัท เดอะ วัน ไลท์ติ้ง จำกัด
9759	PO26050175
9760	PO26050176
9761	PO26050177
9762	PO26050178
9763	PO26050179
9764	PO26050180
9765	PO26050181
9766	PO26050182
9767	PO26050183
9768	PO26050184
9769	PO26050185
9770	PO26050186
9771	PO26050188
9772	PO26050189
9773	PO26050190
9774	PO26050191
9775	PO26050192
9776	PO26050193
9777	PO26050194
9778	PO26050195
9779	PO26050196
9780	PO26050197
9781	PO26050198
9782	PO26050199
9783	PO26050200
9784	PO26050201
9785	PO26050202
9786	PO26050203
9787	PO26050204
9788	PO26050205
9789	PO26050206
9790	PO26050207
9791	PO26050208
9792	PO26050209
9793	PO26050210
9794	PO26050211
9795	PO26050212
9796	PO26050213
9797	PO26050214
9798	PO26050215
9799	PO26050216
9800	PO26050217
9801	PO26050218
9802	PO26050219
9803	PO26050221
9804	PO26050222
9805	PO26050223
9806	PO26050224
9807	PO26050225
9808	PO26050226
9809	PO26050227
9810	PO26050228
9811	PO26050230
9812	PO26050231
9813	PO26050232
9814	PO26050233
9815	PO26050234
9816	PO26050235
9817	PO26050236
9818	PO26050237
9819	PO26050238
9820	PO26050239
9821	PO26050240
9822	PO26050241
9823	PO26050242
9824	PO26050243
9825	PO26050244
9826	PO26050245
9827	PO26050246
9828	PO26050247
9829	PO26050248
9830	PO26050249
9831	PO26050251
9832	PO26050252
9833	PO26050253
9834	PO26050254
9835	PO26050255
9836	PO26050256
9837	PO26050257
9838	PO26050258
9839	PO26050259
9840	PO26050260
9841	PO26050262
9842	PO26050263
9843	PO26050264
9844	PO26050265
9845	PO26050266
9846	PO26050267
9847	PO26050268
9848	PO26050269
9849	PO26050270
9850	PO26050271
9851	PO26050272
9852	PO26050273
9853	PO26050275
9854	PO26050276
9855	PO26050277
9856	PO26050278
9857	PO26050279
9858	PO26050280
9859	PO26050281
9860	PO26050282
9861	PO26050283
9862	PO26050284
9863	PO26050285
9864	PO26050288
9865	PO26050289
9866	PO26050290
9867	PO26050291
9868	PO26050292
9869	PO26050293
9870	PO26050294
9871	PO26050295
9872	PO26050296
9873	PO26050297
9874	PO26050298
9875	PO26050299
9876	PO26050300
9877	PO26050301
9878	PO26050302
9879	PO26050303
9880	PO26050304
9881	PO26050305
9882	PO26050306
9883	PO26050307
9884	PO26050308
9885	PO26050309
9886	PO26050310
9887	PO26050311
9888	PO26050312
9889	PO26050313
9890	PO26050314
9891	PO26050317
9892	PO26050318
9893	PO26050319
9894	PO26050320
9895	PO26050321
9896	PO26050323
9897	PO26050324
9898	PO26050325
9899	PO26050326
9900	PO26050327
9901	PO26050328
9902	PO26050330
9903	PO26050333
9904	PO26050334
9905	PO26050335
9906	PO26050336
9907	PO26050337
9908	PO26050338
9909	PO26050339
9910	PO26050340
9911	PO26050341
9912	PO26050342
9913	PO26050343
9914	PO26050345
9915	PO26050346
9916	PO26060001
9917	PO26060002
9918	PO26060003
9919	PO26060004
9920	PO26060005
9921	บริษัท ธีรกิจ อิเล็คทริค โซลูชั่น จำกัด
9922	PO26060006
9923	PO26060007
9924	PO26060008
9925	PO26060009
9926	PO26060010
9927	PO26060011
9928	PO26060012
9929	PO26060013
9930	PO26060014
9931	PO26060015
9932	PO26060016
9933	PO26060017
9934	PO26060018
9935	PO26060020
9936	PO26060022
9937	PO26060023
9938	PO26060024
9939	PO26060025
9940	PO26060026
9941	PO26060027
9942	PO26060028
9943	PO26060029
9944	PO26060030
9945	PO26060031
9946	PO26060032
9947	PO26060033
9948	PO26060034
9949	PO26060036
9950	PO26060037
9951	PO26060038
9952	PO26060039
9953	PO26060040
9954	PO26060041
9955	PO26060042
9956	PO26060043
9957	PO26060044
9958	PO26060046
9959	PO26060047
9960	PO26060048
9961	PO26060049
9962	PO26060050
9963	PO26060051
9964	PO26060052
9965	PO26060053
9966	PO26060054
9967	PO26060055
9968	PO26060057
9969	PO26060058
9970	PO26060059
9971	PO26060060
9972	PO26060061
9973	PO26060062
9974	PO26060063
9975	PO26060064
9976	PO26060065
9977	PO26060066
9978	PO26060067
9979	PO26060069
9980	PO26060070
9981	PO26060071
9982	PK
9983	PO26060072
9984	PO26060073
9985	PO26060075
9986	PO26060076
9987	PO26060078
9988	PO26060079
9989	PO26060080
9990	PO26060081
9991	PO26060082
9992	PO26060083
9993	PO26060084
9994	PO26060085
9995	PO26060086
9996	PO26060087
9997	PO26060088
9998	PO26060089
9999	PO26060090
10000	PO26060091
10001	PO26060092
10002	PO26060093
10003	PO26060094
10004	PO26060096
10005	PO26060097
10006	PO26060098
10007	PO26060100
10008	PO26060101
10009	PO26060102
10010	PO26060103
10011	PO26060104
10012	บริษัท ยูนิแลมป์ จำกัด
10013	PO26060105
10014	PO26060106
10015	PO26060107
10016	PO26060108
10017	PO26060109
10018	PO26060110
10019	PO26060111
10020	PO26060112
10021	PO26060113
10022	PO26060114
10023	PO26060115
10024	PO26060116
10025	PO26060117
10026	PO26060118
10027	PO26060119
10028	PO26060120
10029	PO26060121
10030	PO26060122
10031	PO26060124
10032	PO26060125
10033	PO26060126
10034	PO26060127
10035	PO26060128
10036	PO26060129
10037	PO26060133
10038	PO26060135
10039	PO26060136
10040	DOSUP26060002
10041	บริษัท เจนบรรเจิด จำกัด
10042	PO26060138
10043	PO26060204
10044	H0-PU01
10045	PO26060222
10046	PO26060234
10047	DOSUP26060006
10048	บริษัท คอนดักเตอร์ จำกัด
10049	06
10050	การซื้องานบริการ , งานจ้างเหมาบุคคลภายนอก PR / PO
10051	PO26060264
10052	PO26060268
10053	PO26060278
10054	บริษัท สากล อินเตอร์เทรด(1991) จำกัด
10055	PO26060309
10056	PO26060317
10057	PO26060331
10058	PO26060360
10059	05
10060	การซื้อทรัพย์สิน/เช่า/ซ่อมแซม อสังหาริมทรัพย์, สังหาริมทรัพย์ PR / PO
10061	PO26060367
10062	PO26070001
10063	PO26070005
10064	PO26070024
10065	PO26070028
10066	PO26070056
10067	PO26070098
10068	SUP24-303
10069	บริษัท แอล.วี.ที.กรุ๊ป  จำกัด
10070	PO26070118
10071	PO26070124
10072	PO26070125
10073	PO26070128
10074	PO26070136
10075	PO26070140
10076	PO26070181
10077	PO26070188
10078	PO26070193
10079	PO26070200
10080	PO26070206
10081	PO26070210
10082	PO26070211
10083	PO26070212
10084	PO26070214
10085	PO26070215
10086	PO26070216
10087	PO26070217
10088	PO26070218
10089	PO26070219
10090	PO26070221
10091	PO26070222
10092	PO26070223
10093	04
10094	การซื้อวัสดุสิ้นเปลือง/เครื่องใช้สำนักงาน PR / PO 
10095	PO26070224
10096	PO26070225
10097	PO26070226
10098	PO26070227
10099	Pending Approval
10100	PO26070228
10101	PO26070229
10102	PO26070230
10103	PO26070231
10104	PO26070232
10105	PO26070235
10106	PO26070236
10107	POA2024010001
10108	SUP24-322
10109	Star Lighintg Ltd.
10110	Overseas
10111	RCS_PURCHASE
10112	POA2024010002
10113	POA2024010003
10114	POA2024010004
10115	SUP24-326
10116	ZHEJIANG FIRSD GROUP CO., LTD
10117	POA2024010006
10118	SUP24-324
10119	ZHONGSHAN CITY DINGDING CO.,LTD.
10120	POA2024010007
10121	SUP24-323
10122	Shenzhen Fluence Lighting Technology Co., LTD
10123	POA2024010008
10124	POA2024010009
10125	POA2024010011
10126	SUP24-320
10127	QILI LED LIGHTING TECHNOLOGY(ZHONGSHAN)CO.,LTD
10128	POA2024010012
10129	POA2024010013
10130	SUP24-321
10131	RED100 LIGHTING CO., LTD
10132	POA2024010015
10133	SUP24-327
10134	ZHONGSHAN CITY KTL LIGHTING TECHNOLOGY CO.,LTD
10135	POA2024010016
10136	POA2024010017
10137	POA2024010018
10138	POA2024010019
10139	POA2024010019.
10140	POA2024010020
10141	POA2024010021
10142	POA2024010022
10143	POA2024010023
10144	POA2024020001
10145	POA2024020002
10146	POA2024020003
10147	POA2024020004
10148	POA2024020005
10149	POA2024020006
10150	POA2024020007
10151	POA2024020008
10152	POA2024020009
10153	POA2024020010
10154	POA2024020011
10155	POA2024020012
10156	POA2024020013
10157	POA2024030001
10158	POA2024030002
10159	POA2024030003
10160	POA2024030004
10161	POA2024030005
10162	POA2024030006
10163	SUP24-325
10164	ZJG WOKIN INDUSTRIAL CO.,LTD.
10165	POA2024030007
10166	Star Lighting Ltd.
10167	POA2024030008
10168	POA2024030009
10169	POA2024030010
10170	POA2024030011
10171	POA2024030012
10172	POA2024030013
10173	POA2024030014
10174	POA2024030015
10175	POA2024030016
10176	POA2024030017
10177	POA2024030018
10178	POA2024030019
10179	POA2024040001
10180	POA2024040002
10181	POA2024040003
10182	POA2024040004
10183	POA2024040005
10184	POA2024040006
10185	POA2024040007
10186	POA2024040008
10187	POA2024040009
10188	POA2024040010
10189	POA2024050001
10190	POA2024050003
10191	POA2024050004
10192	POA2024050005
10193	POA2024050006
10194	POA2024050007
10195	POA2024050008
10196	POA2024050009
10197	POA2024050010
10198	POA2024050011
10199	POA2024050013
10200	POA2024050015
10201	POA2024050016
10202	POA2024050017
10203	POA2024060001
10204	POA2024060002
10205	POA2024060003
10206	POA2024060004
10207	POA2024060005
10208	POA2024060006
10209	POA2024060008
10210	SUP24-412
10211	GUANGDONG TUBO TRADING CO.LTD
10212	POA2024060009
10213	POA2024060010
10214	POA2024060011
10215	POA2024060012
10216	POA2024060013
10217	POA2024060014
10218	POA2024060015
10219	POA2024070001
10220	POA2024070002
10221	POA2024070003
10222	POA2024070004
10223	POA2024070005
10224	POA2024070006
10225	POA2024070007
10226	POA2024070009
10227	POA2024070010
10228	POA2024070011
10229	POA2024070012
10230	POA2024070013
10231	POA2024070014
10232	POA2024070015
10233	POA2024070016
10234	POA2024070017
10235	POA2024070018
10236	POA2024070019
10237	POA2024070020
10238	POA2024070021
10239	POA2024070022
10240	POA2024070023
10241	POA2024070024
10242	POA2024070025
10243	POA2024070026
10244	POA2024070027
10245	POA2024080001
10246	POA2024080002
10247	POA2024080003
10248	POA2024080004
10249	POA2024080005
10250	POA2024080006
10251	POA2024080007
10252	POA2024080008
10253	POA2024080009
10254	POA2024080010
10255	POA2024080011
10256	POA2024080012
10257	POA2024080013
10258	POA2024080014
10259	POA2024080016
10260	POA2024080017
10261	POA2024080018
10262	POA2024080019
10263	POA2024080020
10264	POA2024080021
10265	POA2024090001
10266	POA2024090002
10267	POA2024090003
10268	POA2024090005
10269	POA2024090006
10270	POA2024090007
10271	POA2024090008
10272	POA2024090009
10273	POA2024090010
10274	POA2024090011
10275	POA2024100001
10276	POA2024100002
10277	POA2024100003
10278	POA2024100004
10279	POA2024100005
10280	POA2024100007
10281	POA2024100008
10282	POA2024100009
10283	POA2024100010
10284	POA2024100011
10285	POA2024100013
10286	POA2024100014
10287	POA2024100015
10288	POA2024100016
10289	POA2024100017
10290	POA2024100018
10291	POA2024100019
10292	POA2024100020
10293	POA2024100021
10294	POA2024100022
10295	POA2024100023
10296	POA2024100024
10297	POA2024100025
10298	POA2024100028
10299	POA2024100029
10300	POA2024100030
10301	POA2024100031
10302	POA2024100032
10303	POA2024110001
10304	POA2024110002
10305	POA2024110003
10306	POA2024110004
10307	POA2024110005
10308	POA2024110006
10309	POA2024110007
10310	POA2024110008
10311	POA2024110009
10312	POA2024110010
10313	POA2024110011
10314	POA2024110012
10315	POA2024110013
10316	POA2024110014
10317	POA2024110015
10318	POA2024110016
10319	POA2024110018
10320	POA2024110019
10321	POA2024110020
10322	POA2024110021
10323	POA2024110022
10324	POA2024110023
10325	POA2024110024
10326	POA2024110025
10327	POA2024110026
10328	POA2024110027
10329	POA2024110028
10330	POA2024110029
10331	POA2024110030
10332	POA2024110031
10333	POA2024110032
10334	POA2024110033
10335	POA2024110034
10336	POA2024110035
10337	POA2024110036
10338	POA2024110037
10339	POA2024120001
10340	POA2024120002
10341	POA2024120003
10342	POA2024120004
10343	POA2024120005
10344	POA2024120006
10345	POA2024120009
10346	POA2024120010
10347	POA2024120011
10348	POA2024120013
10349	POA2024120014
10350	POA2024120015
10351	POA2024120016
10352	POA2024120017
10353	POA2024120018
10354	POA2024120019
10355	POA25010001
10356	POA25010002
10357	PS-03ENG
10358	POA25010003
10359	POA25010004
10360	NJ
10361	POA25010005
10362	POA25010006
10363	POA25010007
10364	POA25010008
10365	POA25010009
10366	POA25010010
10367	POA25010011
10368	POA25010012
10369	POA25010013
10370	POA25010014
10371	POA25010015
10372	POA25010016
10373	POA25010017
10374	POA25010018
10375	POA25010019
10376	POA25010020
10377	POA25010021
10378	POA25010022
10379	POA25020001
10380	POA25020002
10381	POA25020003
10382	POA25020004
10383	POA25020005
10384	POA25020006
10385	POA25020007
10386	POA25020009
10387	POA25020010
10388	POA25020011
10389	POA25020012
10390	POA25020013
10391	POA25020014
10392	POA25020015
10393	POA25020016
10394	POA25020017
10395	POA25020018
10396	POA25020019
10397	POA25020020
10398	POA25020022
10399	POA25020023
10400	POA25020024
10401	POA25020025
10402	POA25020026
10403	POA25030001
10404	POA25030002
10405	POA25030003
10406	POA25030004
10407	POA25030005
10408	POA25030006
10409	POA25030007
10410	POA25030008
10411	POA25030009
10412	POA25030010
10413	POA25030011
10414	POA25030012
10415	POA25030013
10416	POA25030014
10417	POA25030015
10418	POA25030016
10419	POA25030017
10420	POA25030018
10421	POA25030019
10422	POA25030020
10423	NS
10424	POA25030021
10425	POA25030022
10426	POA25030023
10427	POA25030024
10428	POA25030025
10429	POA25030026
10430	POA25030027
10431	POA25040001
10432	POA25040002
10433	POA25040003
10434	POA25040004
10435	POA25040005
10436	POA25040006
10437	POA25040007
10438	POA25040008
10439	POA25040009
10440	POA25040010
10441	POA25040011
10442	POA25040012
10443	POA25040013
10444	POA25040014
10445	POA25050001
10446	POA25050002
10447	POA25050003
10448	POA25050004
10449	POA25050005
10450	DOVSUP25020001
10451	ZHONGSHAN HAVING LED LIGHTING TECHNOLOGY CO., LTD.
10452	POA25050006
10453	POA25050007
10454	POA25050008
10455	POA25050009
10456	POA25050011
10457	POA25050012
10458	POA25050013
10459	POA25050014
10460	POA25050015
10461	POA25050016
10462	POA25050017
10463	POA25060001
10464	POA25060002
10465	POA25060003
10466	POA25060004
10467	POA25060005
10468	POA25060006
10469	POA25060007
10470	POA25060008
10471	POA25060009
10472	POA25060011
10473	POA25060012
10474	POA25060013
10475	POA25060014
10476	POA25070001
10477	POA25070002
10478	POA25070003
10479	DOVSUP25070001
10480	NANJING UNISTAR LOGISTICS TECHNOLOGY CO., LTD.
10481	POA25070004
10482	POA25070005
10483	POA25070006
10484	POA25070007
10485	POA25070008
10486	POA25070009
10487	POA25070010
10488	POA25070011
10489	UP
10490	POA25070012
10491	POA25070013
10492	POA25070014
10493	POA25070015
10494	POA25070016
10495	POA25070017
10496	POA25070018
10497	POA25070019
10498	POA25070020
10499	POA25070021
10500	POA25070022
10501	POA25070023
10502	POA25070024
10503	POA25080001
10504	POA25080002
10505	POA25080003
10506	POA25080006
10507	POA25080007
10508	DOVSUP25080002
10509	WEINSPECTION CO., LIMITED
10510	POA25080008
10511	POA25080009
10512	POA25080010
10513	POA25080011
10514	POA25080012
10515	POA25080013
10516	POA25080014
10517	POA25080015
10518	POA25080016
10519	POA25080017
10520	POA25080019
10521	POA25080020
10522	POA25090001
10523	POA25090002
10524	POA25090003
10525	POA25090004
10526	POA25090005
10527	POA25090006
10528	POA25090007
10529	POA25090008
10530	POA25090009
10531	POA25090010
10532	POA25090011
10533	POA25090012
10534	POA25090013
10535	POA25090014
10536	POA25090015
10537	POA25090016
10538	POA25090017
10539	POA25090018
10540	POA25090019
10541	POA25090020
10542	POA25090021
10543	POA25090022
10544	POA25090023
10545	POA25090025
10546	POA25090026
10547	POA25090027
10548	POA25090028
10549	POA25090029
10550	POA25090030
10551	POA25100001
10552	POA25100002
10553	POA25100003
10554	POA25100004
10555	POA25100006
10556	POA25100007
10557	POA25100008
10558	POA25100010
10559	POA25100011
10560	POA25100012
10561	POA25100013
10562	POA25100014
10563	POA25100015
10564	POA25100016
10565	POA25100017
10566	POA25100018
10567	POA25100019
10568	POA25100020
10569	POA25100021
10570	POA25100022
10571	POA25100023
10572	TP-01
10573	POA25100026
10574	POA25110001
10575	POA25110002
10576	POA25110003
10577	POA25110004
10578	POA25110005
10579	POA25110006
10580	POA25110007
10581	POA25110009
10582	POA25110010
10583	POA25110011
10584	POA25110012
10585	POA25110013
10586	POA25110014
10587	POA25110015
10588	POA25110016
10589	POA25110017
10590	POA25110019
10591	POA25110020
10592	POA25110021
10593	POA25110022
10594	POA25110024
10595	POA25110025
10596	POA25110026
10597	POA25110027
10598	POA25110028
10599	POA25110029
10600	POA25110030
10601	POA25120001
10602	DOVSUP25120001
10603	Guangdong Zhongqian New Energy Technology Co.,LTD
10604	POA25120006
10605	POA25120008
10606	POA25120010
10607	POA25120011
10608	POA25120013
10609	POA25120016
10610	POA25120017
10611	POA25120020
10612	POA25120021
10613	POA25120024
10614	POA25120025
10615	POA26010004
10616	POA26010013
10617	POA26010015
10618	POA26020001
10619	POA26020004
10620	POA26030003
10621	POA26030005
10622	POA26030008
10623	POA26030010
10624	POA26030011
10625	POA26030012
10626	POA26030013
10627	POA26030014
10628	SUP24-319
10629	QH LIGHTING CO.,LTD
10630	POA26030015
10631	POA26030017
10632	POA26030023
10633	POA26030024
10634	POA26040001
10635	POA26040002
10636	POA26040003
10637	POA26040005
10638	POA26040007
10639	KC
10640	POA26040008
10641	POA26040009
10642	POA26040011
10643	POA26040012
10644	POA26050002
10645	POA26050003
10646	POA26050004
10647	POA26050005
10648	POA26050008
10649	POA26050010
10650	POA26050011
10651	POA26050012
10652	POA26050013
10653	01
10654	การซื้อสินค้าต่างประเทศเพื่อขาย PR / PO
10655	POA26050015
10656	POA26050016
10657	POA26050017
10658	POA26050018
10659	POA26050019
10660	POA26050020
10661	POA26050021
10662	POA26050022
10663	POA26050023
10664	POA26050024
10665	POA26050025
10666	POA26050028
10667	POA26060001
10668	POA26060003
10669	POA26060005
10670	POA26060006
10671	POA26060007
10672	H0-PU02
10673	POA26060008
10674	POA26060009
10675	POA26060010
10676	POA26060012
10677	POA26060013
10678	POA26060014
10679	POA26060015
10680	POA26060016
10681	POA26060017
10682	POA26060018
10683	POA26060020
10684	POA26060021
10685	POA26060025
10686	POA26060026
10687	POA26060027
10688	POA26060028
10689	POA26060029
10690	POA26060030
10691	POA26060031
10692	POA26060032
10693	POA26060033
10694	POA26060034
10695	POA26060035
10696	POA26060036
10697	POA26070001
10698	POA26070002
10699	POA26070003
10700	POA26070004
10701	POA26070005
10702	POA26070006
10703	POA26070007
10704	POA26070008
10705	POA26070009
10706	POA26070010
10707	POA26070011
10708	POA26070012
10709	POA26070013
10710	POA26070014
10711	POA26070015
10712	POA26070016
10713	POA26070017
10714	POA26070018
10715	POA26070019
10716	POA26070020
10717	POA26070021
10718	POA26070022
10719	POA26070024
10720	POA26070025
10721	POA26070026
10722	POA26070027
10723	POA26070028
10724	POA26070030
10725	POA26070031
10726	POC2024080001
10727	POC2024080002
10728	POC2024090001
10729	POC2024090002
10730	POC2024090003
10731	POC2024090004
10732	POC2024090005
10733	POC2024090006
10734	POC2024100001
10735	POC2024120001
10736	POC2024120002
10737	POC2024120006
10738	POC25010001
10739	POC25010002
10740	POC25010004
10741	POC25010005
10742	POC25010006
10743	POC25010007
10744	POC25010008
10745	POC25010009
10746	POC25030001
10747	POC25060001
10748	POC25060002
10749	POC25080001
10750	POC25090002
10751	POC25090003
10752	POC25100001
10753	POC25100002
10754	POC25100003
10755	POC25100004
10756	POC25100005
10757	POC25100006
10758	POC26010001
10759	POC26030001
10760	POC26030002
10761	POC26040002
10762	POC26060001
10763	POC26060002
10764	POC26060003
10765	POS25020001
10766	POS25040001
10767	POS25070001
10768	POS25070002
10769	POS25080001
10770	POS25080002
10771	POS25090001
10772	POS25090002
10773	POS25100001
10774	POS25100002
10775	POS25100003
10776	POS25100004
10777	POS25100005
10778	POS25110001
10779	POS25110002
10780	POS25120001
10781	POS25120002
10782	POS25120003
10783	POS25120004
10784	POS25120005
10785	POS25120006
10786	POS25120007
10787	POS26010001
10788	POS26010002
10789	POS26010003
10790	POS26020001
10791	POS26050001
10792	POS26070002
10793	RPO2310-022
10794	RPO2311-016
10795	RPO2311-017
10796	RPO2311-021
10797	RPO2312-002
10798	RPO2312-007
10799	RPO2312-007.
10800	RPO2312-008
10801	RPO2312-009
10802	RPO2312-010
10803	RPO2312-011
10804	RPO2312-013
10805	RPO2401-001
10806	RPO2401-003
10807	RPO2401-004
10808	RPO2401-005
10809	RPO2401-006
10810	RPO2401-015
10811	RPO2401-016
10812	RPO2401-017
10813	RPO2401-018
10814	RPO2401-019
10815	RPO2402-002
10816	RPO2402-003
10817	RPO2402-004
10818	RPO2402-005
10819	RPO2402-006
10820	RPO2403-001
10821	RPO2403-002
10822	RPO2404-001
10823	RPO2404-003
10824	RS2403-004
10825	Created At
10826	PO26080030
10827	PO26080029
10828	PO26080028
10829	PO26080027
10830	PO26080026
10831	PO26080025
10832	DOSUP26070003
10833	บริษัท อิเล็กทรอนิก คอมเมิร์ซ จำกัด
10834	PO26080024
10835	PO26080023
10836	PO26080022
10837	PO26080021
10838	PO26080020
10839	PO26080019
10840	PO26080018
10841	PO26080017
10842	PO26080016
10843	PO26080013
10844	JI
10845	PO26080009
10846	PO26080007
10847	PO26080002
10848	PO26080001
10849	PO26070406
10850	PO26070404
10851	PO26070402
10852	DOSUP26060005
10853	บริษัท ทรีมีดี-18 จำกัด
10854	PO26070401
10855	POC26070003
10856	PO26070399
10857	PO26070396
10858	PO26070391
10859	PO26070387
10860	PO26070385
10861	PO26070384
10862	POA26070044
10863	PO26070381
10864	PO26070376
10865	POA26070043
10866	POA26070042
10867	POA26070041
10868	POA26070040
10869	POA26070039
10870	PO26070372
10871	POA26070038
10872	PO26070363
10873	PO26070359
10874	PO26070355
10875	PO26070351
10876	POC26070002
10877	POA26070037
10878	PO26070333
10879	PO26070332
10880	PO26070320
10881	PO26070319
10882	PO26070318
10883	PO26070317
10884	POA26070036
10885	PO26070307
10886	PO26070273
10887	PO26070266
10888	PO26070265
10889	PO26070264
10890	POA26070035
10891	PO26070243
10892	PO26070240
10893	POA26070034
10894	PO26070238
10895	POA26070033
10896	PO26070237
10897	SUP24-331
10898	บริษัท บลูซิโอ โปรดักชั่น จำกัด
10899	POA26070032
10900	SA
10901	Lot No.
10902	Purch. Status
10903	Purch. Status1
10904	PO2024010001
10905	Final
10906	PO2024010052
10907	Cancel
10908	PO2024010053
10909	PO2024010055
10910	PO2024010070
10911	SUP24-333
10912	บริษัท แคนนอน บอล แมนูแฟคเจอริ่ง จำกัด  
10913	PO2024010076
10914	PO2024010104
10915	PO2024010177
10916	PO2024010224
10917	PO2024010274
10918	PO2024020227
10919	PO2024020256
10920	PO2024020282
10921	SUP24-104
10922	บริษัท นิจิ ฟาสเทนเนอร์  จำกัด
10923	PO2024020303
10924	PO2024030007
10925	PO2024030028
10926	PO2024030031
10927	PO2024030059
10928	PO2024030078
10929	PO2024030079
10930	PO2024030093
10931	PO2024030099
10932	PO2024030149
10933	SUP24-214
10934	บริษัทซีพี แอ็กซ์ตร้า จำกัด (มหาชน)  
10935	PO2024030202
10936	PO2024030212
10937	PO2024030244
10938	PO2024030268
10939	PO2024030271
10940	PO2024040010
10941	PO2024040091
10942	PO2024040092
10943	PO2024040102
10944	PO2024040123
10945	PO2024040172
10946	PO2024040197
10947	PO2024050013
10948	PO2024050208
10949	PO2024050248
10950	PO2024050257
10951	PO2024050312
10952	PO2024060071
10953	PO2024060088
10954	PO2024060138
10955	PO2024060201
10956	PO2024060215
10957	PO2024060233
10958	PO2024060260
10959	PO2024070022
10960	PO2024070050
10961	PO2024070081
10962	PO2024070119
10963	PO2024070161
10964	PO2024070169
10965	PO2024070194
10966	SUP24-453
10967	บริษัท อาทิซัน ไลท์ติ้ง ภูเก็ต จำกัด
10968	PO2024070228
10969	PO2024070264
10970	PO2024080073
10971	PO2024080106
10972	PO2024080111
10973	PO2024080158
10974	PO2024080235
10975	PO2024090019
10976	PO2024090022
10977	PO2024090028
10978	PO2024090177
10979	PO2024090292
10980	PO2024100027
10981	PO2024100079
10982	PO2024100095
10983	PO2024100102
10984	PO2024100197
10985	PO2024100233
10986	PO2024100267
10987	PO2024100303
10988	PO2024100374
10989	SUP24-531
10990	บริษัท ไทย เฟนซ์ ไวร์เมช จำกัด
10991	PO2024100375
10992	PO2024110092
10993	PO2024110122
10994	PO2024110131
10995	PO2024110135
10996	PO2024110169
10997	PO2024110172
10998	PO2024110195
10999	SUP24-554
11000	บริษัท เคพีเอ็มจี ภูมิไชย ที่ปรึกษาธุรกิจ จำกัด
11001	PO2024110255
11002	PO2024110273
11003	PO2024110340
11004	PO2024120005
11005	PO2024120027
11006	PO2024120031
11007	PO2024120076
11008	PO2024120081
11009	PO2024120103
11010	SUP24-542
11011	บริษัท ช้อปปี้ (ประเทศไทย) จำกัด
11012	PO2024120143
11013	PO2024120161
11014	SUP24-573
11015	บริษัท บ้านสบาย 191 จำกัด
11016	PO2024120175
11017	PO2024120186
11018	SUP24-574
11019	บริษัท ไอที แพลน จำกัด
11020	PO2024120269
11021	PO2024120294
11022	PO25010012
11023	PO25010018
11024	PO25010032
11025	DOSUP25010004
11026	บริษัท เอเมทเวิร์คส์ จำกัด 
11027	PO25010041
11028	PO25010063
11029	PO25010114
11030	PO25010139
11031	PO25010145
11032	PO25010186
11033	PO25010197
11034	PO25010204
11035	PO25010213
11036	PO25010214
11037	PO25010236
11038	PO25010281
11039	PO25010282
11040	PO25020015
11041	PO25020016
11042	PO25020029
11043	PO25020030
11044	PO25020034
11045	PO25020039
11046	PO25020063
11047	PO25020065
11048	PO25020068
11049	PO25020069
11050	PO25020091
11051	PO25020124
11052	PO25020204
11053	PO25020213
11054	PO25020220
11055	PO25020232
11056	PO25020237
11057	PO25020252
11058	PO25020278
11059	PO25020279
11060	PO25030072
11061	PO25030115
11062	PO25030117
11063	PO25030129
11064	PO25030144
11065	PO25030158
11066	PO25030174
11067	PO25030185
11068	PO25030224
11069	PO25030234
11070	PO25030255
11071	PO25030267
11072	PO25030282
11073	PO25030325
11074	PO25040010
11075	PO25040075
11076	PO25040115
11077	PO25040126
11078	PO25040171
11079	PO25040246
11080	PO25040254
11081	PO25040259
11082	PO25040311
11083	PO25050002
11084	PO25050016
11085	PO25050029
11086	PO25050063
11087	PO25050088
11088	PO25050129
11089	PO25050170
11090	PO25050188
11091	PO25050191
11092	PO25050197
11093	PO25050204
11094	PO25050208
11095	PO25050241
11096	PO25050262
11097	PO25050336
11098	PO25050353
11099	PO25060022
11100	PO25060042
11101	PO25060048
11102	PO25060055
11103	PO25060093
11104	PO25060138
11105	PO25060152
11106	PO25060167
11107	PO25060185
11108	PO25060187
11109	PO25060208
11110	PO25060224
11111	PO25060227
11112	PO25060233
11113	PO25060337
11114	PO25060344
11115	PO25060367
11116	PO25060401
11117	PO25070005
11118	PO25070038
11119	PO25070062
11120	PO25070076
11121	PO25070082
11122	PO25070098
11123	PO25070107
11124	PO25070116
11125	PO25070141
11126	PO25070172
11127	PO25070222
11128	PO25070321
11129	PO25070337
11130	PO25070360
11131	PO25070364
11132	PO25080017
11133	PO25080089
11134	PO25080186
11135	PO25080198
11136	PO25080204
11137	PO25080215
11138	PO25080222
11139	PO25080299
11140	PO25080308
11141	PO25080313
11142	PO25080328
11143	PO25080355
11144	PO25080382
11145	PO25080408
11146	PO25080413
11147	PO25090012
11148	PO25090053
11149	PO25090071
11150	PO25090072
11151	PO25090086
11152	PO25090157
11153	PO25090175
11154	PO25090234
11155	PO25090262
11156	PO25090313
11157	PO25090422
11158	PO25100023
11159	PO25100054
11160	PO25100067
11161	PO25100107
11162	PO25100114
11163	PO25100140
11164	PO25100146
11165	PO25100150
11166	PO25100154
11167	PO25100248
11168	PO25100257
11169	PO25100264
11170	PO25100272
11171	PO25100284
11172	PO25100288
11173	PO25100314
11174	PO25100361
11175	PO25100400
11176	PO25100407
11177	PO25100408
11178	PO25110001
11179	PO25110084
11180	PO25110096
11181	PO25110134
11182	PO25110140
11183	PO25110217
11184	PO25110235
11185	PO25110282
11186	PO25110296
11187	PO25110318
11188	รอทางบัญชีเคลียมัดจำ
11189	PO25110333
11190	PO25110342
11191	PO25110374
11192	PO25120036
11193	PO25120058
11194	PO25120175
11195	PO25120191
11196	PO25120196
11197	PO25120214
11198	PO25120260
11199	PO25120263
11200	PO25120286
11201	Fully
11202	PO25120287
11203	PO25120310
11204	PO25120315
11205	DOSUP25120012
11206	บริษัท ทีเอส แอร์ เซอร์วิส จำกัด
11207	PO25120349
11208	PO25120351
11209	PO26010065
11210	PO26010114
11211	PO26010119
11212	PO26010179
11213	PO26010214
11214	PO26010230
11215	PO26010258
11216	PO26010328
11217	PO26010355
11218	PO26010365
11219	PO26020012
11220	PO26020013
11221	PO26020032
11222	PO26020050
11223	PO26020078
11224	PO26020175
11225	PO26020208
11226	PO26020222
11227	PO26020232
11228	PO26020255
11229	PO26020267
11230	PO26020304
11231	PO26020305
11232	PO26020319
11233	PO26020356
11234	PO26020373
11235	PO26020411
11236	PO26020412
11237	PO26030005
11238	PO26030021
11239	PO26030027
11240	PO26030058
11241	PO26030060
11242	PO26030083
11243	PO26030103
11244	PO26030125
11245	SUP24-221
11246	บริษัท แสงสว่างไล้ท์ติ้ง  จำกัด
11247	PO26030144
11248	PO26030151
11249	PO26030164
11250	PO26030169
11251	PO26030171
11252	PO26030177
11253	PO26030186
11254	PO26030208
11255	PO26030246
11256	PO26030248
11257	PO26030280
11258	PO26030293
11259	PO26030304
11260	PO26030309
11261	PO26030338
11262	PO26030425
11263	PO26030439
11264	PO26030441
11265	PO26030454
11266	PO26030459
11267	PO26030461
11268	PO26030470
11269	PO26030471
11270	PO26030475
11271	PO26030477
11272	PO26030484
11273	PO26030490
11274	PO26030499
11275	PO26030506
11276	DOSUP26030011
11277	บริษัท คอมเซเว่น จำกัด (มหาชน)
11278	PO26030514
11279	DOSUP26030016
11280	บริษัท ล้อพูนผล ไรซ์มิลล์ จำกัด
11281	PO26040001
11282	PO26040012
11283	PO26040015
11284	PO26040016
11285	PO26040039
11286	PO26040041
11287	PO26040044
11288	PO26040045
11289	PO26040052
11290	PO26040053
11291	PO26040054
11292	PO26040055
11293	DOSUP26040001
11294	บริษัท วัฒนโรจน์ อินเตอร์เนชั่นแนล จำกัด
11295	PO26040057
11296	PO26040058
11297	PO26040059
11298	PO26040063
11299	PO26040066
11300	PO26040067
11301	PO26040071
11302	PO26040072
11303	PO26040082
11304	PO26040083
11305	PO26040084
11306	PO26040085
11307	PO26040086
11308	PO26040087
11309	PO26040088
11310	PO26040090
11311	PO26040091
11312	PO26040092
11313	PO26040093
11314	PO26040094
11315	PO26040095
11316	PO26040096
11317	PO26040097
11318	PO26040099
11319	PO26040100
11320	PO26040101
11321	PO26040103
11322	PO26040104
11323	PO26040105
11324	PO26040106
11325	PO26040107
11326	PO26040108
11327	PO26040109
11328	PO26040110
11329	PO26040111
11330	PO26040112
11331	PO26040115
11332	PO26040116
11333	PO26040117
11334	PO26040118
11335	PO26040119
11336	DOSUP26040003
11337	บริษัท ตุ๊กตา เทป จำกัด
11338	PO26040120
11339	PO26040121
11340	PO26040122
11341	PO26040123
11342	PO26040124
11343	PO26040125
11344	PO26040126
11345	PO26040127
11346	PO26040128
11347	PO26040129
11348	PO26040130
11349	PO26040132
11350	PO26040133
11351	PO26040134
11352	PO26040135
11353	PO26040136
11354	PO26040137
11355	PO26040138
11356	PO26040139
11357	PO26040140
11358	PO26040141
11359	PO26040142
11360	PO26040143
11361	PO26040144
11362	PO26040145
11363	PO26040146
11364	PO26040147
11365	PO26040148
11366	PO26040149
11367	PO26040151
11368	PO26040152
11369	PO26040153
11370	PO26040154
11371	PO26040155
11372	PO26040156
11373	PO26040157
11374	PO26040158
11375	PO26040159
11376	PO26040160
11377	PO26040161
11378	PO26040162
11379	PO26040163
11380	PO26040164
11381	PO26040165
11382	PO26040166
11383	PO26040167
11384	PO26040168
11385	PO26040169
11386	PO26040170
11387	PO26040171
11388	PO26040172
11389	DOSUP26040004
11390	ห้างหุ้นส่วนจำกัด เอ็น.พี.เอส.ออฟฟิตเฟอร์นิเจอร์
11391	PO26040173
11392	PO26040174
11393	PO26040175
11394	PO26040176
11395	PO26040177
11396	PO26040178
11397	PO26040179
11398	PO26040180
11399	PO26040181
11400	PO26040182
11401	PO26040183
11402	PO26040184
11403	PO26040185
11404	PO26040186
11405	PO26040187
11406	PO26040188
11407	PO26040189
11408	PO26040190
11409	PO26040191
11410	PO26040192
11411	PO26040193
11412	PO26040194
11413	PO26040195
11414	PO26040196
11415	PO26040197
11416	PO26040198
11417	PO26040199
11418	PO26040200
11419	PO26040201
11420	PO26040202
11421	PO26040203
11422	PO26040204
11423	PO26040205
11424	PO26040206
11425	PO26040207
11426	PO26040208
11427	PO26040209
11428	PO26040210
11429	PO26040211
11430	PO26040212
11431	PO26040213
11432	PO26040214
11433	PO26040215
11434	PO26040216
11435	PO26040217
11436	PO26040218
11437	PO26040219
11438	PO26040220
11439	PO26040221
11440	PO26040222
11441	PO26040223
11442	PO26040224
11443	PO26040225
11444	PO26040226
11445	PO26040227
11446	PO26040228
11447	PO26040229
11448	PO26040230
11449	PO26040231
11450	PO26040232
11451	PO26040233
11452	PO26040234
11453	PO26040235
11454	PO26040236
11455	PO26040237
11456	PO26040238
11457	PO26040239
11458	PO26040240
11459	PO26040241
11460	PO26040242
11461	PO26040243
11462	PO26040245
11463	PO26040246
11464	PO26040247
11465	PO26040248
11466	PO26040249
11467	PO26040250
11468	PO26040251
11469	PO26040252
11470	PO26040253
11471	PO26040254
11472	PO26040255
11473	PO26040256
11474	PO26040257
11475	PO26040258
11476	PO26040259
11477	PO26040260
11478	PO26040261
11479	PO26040262
11480	PO26040263
11481	PO26040264
11482	PO26040265
11483	PO26040266
11484	PO26040267
11485	PO26040268
11486	PO26040269
11487	PO26040270
11488	PO26040271
11489	PO26040272
11490	PO26040274
11491	PO26040275
11492	PO26040276
11493	PO26040277
11494	PO26040278
11495	PO26040279
11496	PO26040280
11497	PO26040281
11498	PO26040282
11499	PO26040283
11500	PO26040284
11501	PO26040285
11502	PO26040286
11503	PO26040288
11504	PO26040289
11505	PO26040290
11506	PO26040291
11507	PO26040292
11508	PO26040293
11509	PO26040294
11510	PO26040295
11511	PO26040297
11512	PO26040298
11513	PO26040299
11514	PO26040300
11515	PO26040301
11516	PO26040302
11517	PO26040303
11518	PO26040304
11519	PO26040305
11520	PO26040306
11521	PO26040307
11522	PO26040308
11523	PO26040309
11524	PO26040310
11525	PO26040311
11526	PO26040312
11527	PO26040313
11528	PO26040314
11529	PO26040315
11530	PO26040316
11531	PO26040317
11532	PO26040318
11533	PO26040319
11534	PO26040320
11535	PO26050001
11536	PO26050002
11537	PO26050003
11538	PO26050004
11539	PO26050005
11540	PO26050006
11541	PO26050007
11542	PO26050008
11543	PO26050009
11544	PO26050010
11545	PO26050011
11546	PO26050012
11547	PO26050013
11548	PO26050014
11549	PO26050015
11550	PO26050016
11551	PO26050017
11552	PO26050018
11553	PO26050019
11554	PO26050020
11555	PO26050021
11556	PO26050022
11557	PO26050023
11558	PO26050025
11559	PO26050026
11560	PO26050027
11561	PO26050028
11562	PO26050029
11563	PO26050030
11564	PO26050031
11565	PO26050032
11566	PO26050033
11567	PO26050034
11568	PO26050035
11569	PO26050036
11570	PO26050037
11571	PO26050038
11572	PO26050039
11573	PO26050040
11574	PO26050041
11575	PO26050042
11576	PO26050043
11577	PO26050044
11578	PO26050045
11579	PO26050046
11580	PO26050047
11581	PO26050048
11582	PO26050049
11583	PO26050050
11584	PO26050051
11585	PO26050052
11586	PO26050053
11587	PO26050054
11588	PO26050055
11589	PO26050056
11590	PO26050057
11591	PO26050058
11592	PO26050059
11593	บริษัท เพมโก้ อินเตอร์ไลท์ จำกัด
11594	PO26050060
11595	PO26050061
11596	PO26050062
11597	PO26050063
11598	PO26050064
11599	PO26050065
11600	PO26050067
11601	PO26050068
11602	PO26050069
11603	PO26050070
11604	PO26050072
11605	PO26050073
11606	PO26050074
11607	PO26050075
11608	PO26050076
11609	PO26050077
11610	PO26050078
11611	PO26050079
11612	PO26050080
11613	PO26050081
11614	PO26050083
11615	PO26050086
11616	PO26050087
11617	PO26050088
11618	PO26050090
11619	PO26050092
11620	PO26050093
11621	PO26050094
11622	PO26050095
11623	PO26050096
11624	PO26050097
11625	PO26050098
11626	PO26050099
11627	PO26050100
11628	PO26050102
11629	PO26050103
11630	PO26050104
11631	PO26050105
11632	PO26050106
11633	PO26050107
11634	PO26050108
11635	PO26050110
11636	PO26050111
11637	PO26050113
11638	PO26050114
11639	PO26050115
11640	PO26050116
11641	PO26050117
11642	PO26050118
11643	PO26050119
11644	PO26050120
11645	PO26050121
11646	PO26050122
11647	PO26050123
11648	PO26050124
11649	PO26050125
11650	PO26050126
11651	PO26050128
11652	PO26050129
11653	PO26050130
11654	PO26050131
11655	PO26050132
11656	PO26050133
11657	PO26050134
11658	PO26050135
11659	PO26050136
11660	PO26050137
11661	PO26050138
11662	PO26050139
11663	PO26050140
11664	PO26050141
11665	PO26050142
11666	PO26050144
11667	PO26050145
11668	PO26050148
11669	PO26050149
11670	PO26050151
11671	PO26050152
11672	PO26050153
11673	PO26050154
11674	PO26050155
11675	PO26050156
11676	PO26050157
11677	PO26050158
11678	PO26050160
11679	PO26050161
11680	PO26050162
11681	PO26050163
11682	PO26050164
11683	PO26050165
11684	PO26050166
11685	PO26050167
11686	PO26050168
11687	PO26050187
11688	PO26050220
11689	PO26050229
11690	PO26050250
11691	PO26050261
11692	PO26050274
11693	PO26050286
11694	PO26050287
11695	PO26050315
11696	PO26050316
11697	PO26050322
11698	PO26050329
11699	PO26050331
11700	PO26050332
11701	PO26050344
11702	PO26060019
11703	PO26060021
11704	PO26060035
11705	PO26060045
11706	PO26060056
11707	PO26060068
11708	PO26060074
11709	PO26060077
11710	PO26060095
11711	PO26060099
11712	PO26060123
11713	PO26060130
11714	PO26060131
11715	PO26060132
11716	PO26060134
11717	PO26060137
11718	PO26060139
11719	PO26060140
11720	PO26060141
11721	PO26060142
11722	PO26060143
11723	PO26060144
11724	PO26060145
11725	PO26060146
11726	PO26060147
11727	PO26060148
11728	PO26060149
11729	PO26060150
11730	PO26060151
11731	PO26060152
11732	PO26060153
11733	PO26060154
11734	PO26060155
11735	PO26060156
11736	PO26060157
11737	PO26060158
11738	PO26060159
11739	PO26060160
11740	PO26060161
11741	PO26060162
11742	PO26060163
11743	PO26060164
11744	PO26060165
11745	PO26060166
11746	PO26060167
11747	PO26060168
11748	PO26060169
11749	PO26060170
11750	PO26060171
11751	PO26060172
11752	PO26060173
11753	PO26060174
11754	PO26060175
11755	PO26060176
11756	PO26060177
11757	PO26060178
11758	PO26060179
11759	PO26060180
11760	PO26060181
11761	PO26060182
11762	PO26060183
11763	PO26060184
11764	PO26060185
11765	PO26060186
11766	PO26060187
11767	PO26060188
11768	PO26060189
11769	PO26060190
11770	PO26060191
11771	PO26060192
11772	PO26060193
11773	PO26060194
11774	PO26060195
11775	PO26060196
11776	PO26060197
11777	PO26060198
11778	PO26060199
11779	PO26060200
11780	PO26060201
11781	PO26060202
11782	PO26060203
11783	PO26060205
11784	PO26060206
11785	PO26060207
11786	PO26060208
11787	PO26060209
11788	PO26060210
11789	PO26060211
11790	PO26060212
11791	PO26060213
11792	PO26060214
11793	PO26060215
11794	PO26060216
11795	PO26060217
11796	PO26060218
11797	PO26060219
11798	PO26060220
11799	PO26060221
11800	PO26060223
11801	PO26060224
11802	PO26060225
11803	PO26060226
11804	PO26060227
11805	PO26060228
11806	PO26060229
11807	PO26060230
11808	PO26060231
11809	PO26060232
11810	PO26060233
11811	PO26060235
11812	PO26060236
11813	PO26060237
11814	PO26060238
11815	PO26060239
11816	PO26060240
11817	PO26060241
11818	PO26060242
11819	PO26060243
11820	PO26060244
11821	PO26060245
11822	PO26060246
11823	PO26060247
11824	PO26060248
11825	PO26060249
11826	PO26060250
11827	PO26060251
11828	PO26060252
11829	PO26060253
11830	PO26060254
11831	PO26060255
11832	PO26060256
11833	PO26060257
11834	PO26060258
11835	PO26060259
11836	PO26060260
11837	PO26060261
11838	PO26060262
11839	PO26060263
11840	PO26060265
11841	PO26060266
11842	PO26060267
11843	PO26060269
11844	PO26060270
11845	PO26060271
11846	PO26060272
11847	PO26060273
11848	PO26060274
11849	PO26060275
11850	PO26060276
11851	DOSUP26060007
11852	ห้างหุ้นส่วนจำกัด วันชัยการไฟฟ้า 2530
11853	PO26060277
11854	PO26060279
11855	PO26060280
11856	PO26060281
11857	PO26060282
11858	PO26060283
11859	PO26060284
11860	PO26060285
11861	PO26060286
11862	PO26060287
11863	PO26060288
11864	PO26060289
11865	PO26060290
11866	PO26060291
11867	PO26060292
11868	PO26060293
11869	PO26060294
11870	PO26060295
11871	PO26060296
11872	PO26060297
11873	PO26060298
11874	PO26060299
11875	PO26060300
11876	PO26060301
11877	PO26060302
11878	PO26060303
11879	PO26060304
11880	PO26060305
11881	PO26060306
11882	PO26060307
11883	PO26060308
11884	PO26060310
11885	PO26060311
11886	PO26060312
11887	PO26060313
11888	PO26060314
11889	PO26060315
11890	PO26060316
11891	PO26060318
11892	PO26060319
11893	PO26060320
11894	PO26060321
11895	PO26060322
11896	PO26060323
11897	PO26060324
11898	PO26060325
11899	PO26060326
11900	PO26060327
11901	PO26060328
11902	PO26060329
11903	PO26060330
11904	PO26060332
11905	PO26060333
11906	PO26060334
11907	PO26060335
11908	PO26060336
11909	PO26060337
11910	PO26060338
11911	PO26060339
11912	PO26060340
11913	PO26060341
11914	PO26060342
11915	PO26060343
11916	PO26060344
11917	PO26060345
11918	PO26060346
11919	PO26060347
11920	PO26060348
11921	PO26060349
11922	PO26060350
11923	PO26060351
11924	PO26060352
11925	PO26060353
11926	DOSUP26060010
11927	บริษัท เอ็นเตอร์ไพรส์ เน็ตเวอร์ค เทคโนโลยี่ จำกัด
11928	PO26060354
11929	PO26060355
11930	PO26060356
11931	PO26060357
11932	PO26060358
11933	PO26060359
11934	PO26060361
11935	PO26060362
11936	PO26060363
11937	PO26060364
11938	PO26060365
11939	PO26060366
11940	PO26060368
11941	PO26060369
11942	PO26070002
11943	PO26070003
11944	PO26070004
11945	PO26070006
11946	PO26070007
11947	PO26070008
11948	PO26070009
11949	PO26070010
11950	PO26070011
11951	PO26070012
11952	PO26070013
11953	PO26070014
11954	PO26070015
11955	PO26070016
11956	PO26070017
11957	PO26070018
11958	PO26070019
11959	PO26070020
11960	PO26070021
11961	PO26070022
11962	PO26070023
11963	PO26070025
11964	PO26070026
11965	PO26070027
11966	PO26070029
11967	PO26070030
11968	PO26070031
11969	PO26070032
11970	PO26070033
11971	PO26070034
11972	PO26070035
11973	PO26070036
11974	PO26070037
11975	PO26070038
11976	PO26070039
11977	PO26070040
11978	PO26070041
11979	PO26070042
11980	PO26070043
11981	PO26070044
11982	PO26070045
11983	PO26070046
11984	PO26070047
11985	PO26070048
11986	PO26070049
11987	PO26070050
11988	PO26070051
11989	PO26070052
11990	PO26070053
11991	PO26070054
11992	PO26070055
11993	PO26070057
11994	PO26070058
11995	PO26070059
11996	PO26070060
11997	PO26070061
11998	PO26070062
11999	PO26070063
12000	PO26070064
12001	PO26070065
12002	PO26070066
12003	PO26070067
12004	PO26070068
12005	PO26070069
12006	PO26070070
12007	PO26070071
12008	PO26070072
12009	PO26070073
12010	PO26070074
12011	PO26070075
12012	PO26070076
12013	PO26070077
12014	DOSUP26070001
12015	บริษัท เจ.ซี.พี.อุตสาหกรรม จำกัด
12016	PO26070078
12017	PO26070079
12018	PO26070080
12019	PO26070081
12020	PO26070082
12021	PO26070083
12022	PO26070084
12023	PO26070085
12024	PO26070086
12025	PO26070087
12026	PO26070088
12027	PO26070089
12028	PO26070090
12029	PO26070091
12030	PO26070092
12031	PO26070093
12032	PO26070094
12033	PO26070095
12034	PO26070096
12035	PO26070097
12036	PO26070099
12037	PO26070100
12038	PO26070101
12039	PO26070102
12040	PO26070103
12041	PO26070104
12042	PO26070105
12043	PO26070106
12044	PO26070107
12045	PO26070108
12046	PO26070109
12047	PO26070110
12048	PO26070111
12049	PO26070112
12050	PO26070113
12051	PO26070114
12052	PO26070115
12053	PO26070116
12054	PO26070117
12055	PO26070119
12056	PO26070120
12057	PO26070121
12058	PO26070122
12059	PO26070123
12060	PO26070126
12061	PO26070127
12062	PO26070129
12063	PO26070130
12064	PO26070131
12065	PO26070132
12066	PO26070133
12067	PO26070134
12068	PO26070135
12069	PO26070137
12070	บริษัท มอริตี จำกัด
12071	PO26070138
12072	PO26070139
12073	PO26070141
12074	PO26070142
12075	PO26070143
12076	PO26070144
12077	PO26070145
12078	PO26070146
12079	PO26070147
12080	PO26070148
12081	PO26070149
12082	PO26070150
12083	PO26070151
12084	PO26070152
12085	PO26070153
12086	PO26070154
12087	PO26070155
12088	PO26070156
12089	PO26070157
12090	PO26070158
12091	PO26070159
12092	PO26070160
12093	PO26070161
12094	PO26070162
12095	PO26070163
12096	PO26070164
12097	PO26070165
12098	PO26070166
12099	PO26070167
12100	PO26070168
12101	PO26070169
12102	PO26070170
12103	PO26070171
12104	PO26070172
12105	PO26070173
12106	PO26070174
12107	PO26070175
12108	PO26070176
12109	PO26070177
12110	PO26070178
12111	PO26070179
12112	PO26070180
12113	SUP24-526
12114	บริษัท ลาซาด้า จำกัด
12115	PO26070182
12116	PO26070183
12117	PO26070184
12118	PO26070185
12119	PO26070186
12120	PO26070187
12121	PO26070189
12122	PO26070190
12123	PO26070191
12124	PO26070192
12125	PO26070194
12126	PO26070195
12127	PO26070196
12128	PO26070197
12129	PO26070198
12130	PO26070199
12131	PO26070201
12132	PO26070202
12133	PO26070203
12134	PO26070204
12135	PO26070205
12136	PO26070207
12137	PO26070208
12138	PO26070209
12139	PO26070213
12140	PO26070220
12141	PO26070233
12142	PO26070234
12143	PO26070239
12144	PO26070241
12145	PO26070242
12146	PO26070244
12147	PO26070245
12148	PO26070246
12149	PO26070247
12150	PO26070248
12151	PO26070249
12152	PO26070250
12153	PO26070251
12154	PO26070252
12155	PO26070253
12156	PO26070254
12157	PO26070255
12158	PO26070256
12159	PO26070257
12160	PO26070258
12161	PO26070259
12162	PO26070260
12163	PO26070261
12164	PO26070262
12165	PO26070263
12166	PO26070267
12167	PO26070268
12168	PO26070269
12169	PO26070270
12170	PO26070271
12171	PO26070272
12172	PO26070274
12173	PO26070275
12174	PO26070276
12175	PO26070277
12176	PO26070278
12177	PO26070279
12178	PO26070280
12179	PO26070281
12180	PO26070282
12181	PO26070283
12182	PO26070284
12183	PO26070285
12184	PO26070286
12185	PO26070287
12186	PO26070288
12187	PO26070289
12188	PO26070290
12189	PO26070291
12190	PO26070292
12191	PO26070293
12192	PO26070294
12193	PO26070295
12194	PO26070296
12195	PO26070297
12196	PO26070298
12197	PO26070299
12198	PO26070300
12199	PO26070301
12200	PO26070302
12201	PO26070303
12202	PO26070304
12203	PO26070305
12204	PO26070306
12205	PO26070308
12206	PO26070309
12207	PO26070310
12208	PO26070311
12209	PO26070312
12210	PO26070313
12211	PO26070314
12212	PO26070315
12213	PO26070316
12214	PO26070321
12215	PO26070322
12216	PO26070323
12217	PO26070324
12218	PO26070325
12219	PO26070326
12220	PO26070327
12221	PO26070328
12222	PO26070329
12223	PO26070330
12224	PO26070331
12225	PO26070334
12226	SUP24-154
12227	บริษัท ฟอร์ยูไลติ้ง  จำกัด
12228	PO26070335
12229	PO26070336
12230	PO26070337
12231	PO26070338
12232	PO26070339
12233	PO26070340
12234	PO26070341
12235	PO26070342
12236	PO26070343
12237	PO26070344
12238	PO26070345
12239	PO26070346
12240	PO26070347
12241	PO26070348
12242	PO26070349
12243	PO26070350
12244	PO26070352
12245	PO26070353
12246	PO26070354
12247	PO26070356
12248	PO26070357
12249	PO26070358
12250	PO26070360
12251	PO26070361
12252	PO26070362
12253	PO26070364
12254	PO26070365
12255	PO26070366
12256	PO26070367
12257	PO26070368
12258	PO26070369
12259	PO26070370
12260	PO26070371
12261	PO26070373
12262	PO26070374
12263	PO26070375
12264	PO26070377
12265	PO26070378
12266	PO26070379
12267	PO26070380
12268	DOSUP26070004
12269	ห้างหุ้นส่วนจำกัด จี ดับเบิ้ลยู (1996)
12270	PO26070382
12271	PO26070383
12272	PO26070386
12273	PO26070388
12274	PO26070389
12275	PO26070390
12276	PO26070392
12277	PO26070393
12278	PO26070394
12279	PO26070395
12280	PO26070397
12281	PO26070398
12282	PO26070400
12283	PO26070403
12284	PO26070405
12285	PO26080003
12286	PO26080004
12287	PO26080005
12288	PO26080006
12289	PO26080008
12290	PO26080010
12291	PO26080011
12292	PO26080012
12293	PO26080014
12294	PO26080015
12295	POA2024010005
12296	CANCEL-RS2407-007
12297	POA2024010010
12298	CANCEL-ZHEJIANGFIRSD
12299	POA2024020014
12300	CANCEL-KTL1
12301	POA2024050002
12302	CANCEL-TEST
12303	POA2024050012
12304	CANCEL-RS2407-006
12305	POA2024050014
12306	CANCEL-TEST2
12307	POA2024070008
12308	CANCEL-TEST3
12309	POA2024080015
12310	CANCEL-STAR1
12311	POA2024080022
12312	CANCEL-TEST4
12313	POA2024090004
12314	CANCEL-TEST5
12315	POA2024100006
12316	CANCEL-EN2411-009
12317	POA2024100012
12318	CANCEL-KTL2
12319	POA2024100026
12320	CANCEL EN2412-002
12321	POA2024100027
12322	CANCEL-EN2412-003
12323	POA2024110017
12324	CANCEL-EN2412-021
12325	POA2024120007
12326	CANCEL-EN2501-013
12327	POA2024120008
12328	CANCEL-EN2501-015
12329	POA2024120012
12330	CANCEL-2501-008
12331	POA2024120020
12332	CANCEL-STAR2
12333	POA25020008
12334	CANCEL-EN2504-011
12335	POA25020021
12336	CANCEL EN2504-020
12337	POA25050010
12338	CANCEL-EN2506-012
12339	POA25060010
12340	CANCEL-EN2507-014
12341	POA25080004
12342	CANCEL-EN2509-011
12343	POA25080005
12344	CANCEL EN2509-012
12345	POA25080018
12346	CANCEL EN2510-010
12347	POA25090024
12348	EN2511-015
12349	POA25100005
12350	EN2512-001
12351	POA25100009
12352	CANCEL (EN2512-008)
12353	POA25100024
12354	EN2601-008
12355	POA25100025
12356	POA25110008
12357	EN2601-010 (ADD)
12358	POA25110018
12359	EN2601-019
12360	POA25110023
12361	EN2602-002
12362	POA25120002
12363	EN2602-006
12364	POA25120003
12365	EN2601-008(ADD)
12366	POA25120004
12367	EN2602-007
12368	POA25120005
12369	EN2602-024
12370	POA25120007
12371	EN2601-018(ADD)
12372	POA25120009
12373	EN2602-006(ADD)
12374	POA25120012
12375	EN2602-010
12376	POA25120014
12377	EN2601-029
12378	POA25120015
12379	EN2602-011
12380	POA25120018
12381	EN2601-030
12382	POA25120019
12383	WK2601-001
12384	POA25120022
12385	DH2602-002
12386	POA25120023
12387	CANCEL-EN2601-031
12388	POA25120026
12389	EN2602-014
12390	POA25120027
12391	EN2602-015
12392	POA25120028
12393	EN2602-028
12394	POA26010001
12395	DH2602-001
12396	POA26010002
12397	EN2602-029
12398	POA26010003
12399	EN2602-016
12400	POA26010005
12401	EN2602-030
12402	POA26010006
12403	EN2602-026
12404	POA26010007
12405	EN2602-020
12406	POA26010008
12407	EN2604-006
12408	POA26010009
12409	EN2602-021
12410	POA26010010
12411	EN2602-027
12412	POA26010011
12413	EN2602-022
12414	POA26010012
12415	EN2604-010
12416	POA26010014
12417	CT320
12418	POA26010016
12419	EN2601-033
12420	POA26020002
12421	EN2604-012
12422	POA26020003
12423	EN2602-023
12424	DH2602-003
12425	POA26020005
12426	DH2602-004
12427	POA26020006
12428	CANCEL
12429	POA26030001
12430	EN2602-019
12431	POA26030002
12432	EN2604-015
12433	POA26030004
12434	EN2604-017
12435	DH2604-001
12436	POA26030006
12437	DH2602-002(ADD)
12438	POA26030007
12439	EN2604-018
12440	POA26030009
12441	EN2604-020
12442	EN2605-002
12443	POA26030016
12444	EN2605-004
12445	POA26030018
12446	WH2605-001
12447	POA26030019
12448	EN2605-006
12449	POA26030020
12450	WH2605-002
12451	POA26030021
12452	EN2605-007
12453	POA26030022
12454	EN2605-008
12455	POA26030025
12456	EN2605-010
12457	POA26030026
12458	CANCEL EN2605-011
12459	POA26040004
12460	EN2605-016
12461	POA26040006
12462	EN2606-001
12463	EN2606-003
12464	POA26040010
12465	EN2606-004
12466	POA26040013
12467	EN2606-006
12468	POA26040014
12469	EN2606-007
12470	POA26040015
12471	EN2606-008
12472	POA26040016
12473	CANCEL // EN2606-009
12474	POA26050001
12475	CT326
12476	EN2606-010
12477	POA26050006
12478	EN2606-012
12479	POA26050007
12480	EN2606-014
12481	EN2606-015
12482	POA26050009
12483	EN2606-016
12484	POA26050014
12485	EN2607-003(CANCEL)
12486	EN2607-004
12487	EN2607-012
12488	POA26050026
12489	CT332
12490	POA26050027
12491	CT332 (RED100)
12492	POA26060002
12493	WK2607-001
12494	POA26060004
12495	CANCEL EN2607-017
12496	EN2607-018
12497	EN2607-020
12498	EN2607-021
12499	POA26060011
12500	EN2608-003
12501	EN2607-023
12502	EN2607-024
12503	POA26060019
12504	POA26060022
12505	OS2606-001
12506	POA26060023
12507	OS2606-002
12508	POA26060024
12509	EN2607-026
12510	EN2607-030
12511	EN2607-031
12512	EN2608-009
12513	EN2608-016
12514	POA26070023
12515	EN2609-002
12516	POA26070029
12517	EN2609-005
12518	POC2024120003
12519	CANCEL-EN2501-018
12520	POC2024120004
12521	CANCEL-EN2501-008
12522	POC2024120005
12523	CANCEL-EN2501-023
12524	POC2024120007
12525	CANCEL-EN2501-026
12526	POC2024120008
12527	CANCEL-EN2501-027
12528	POC2024120009
12529	CANCEL-POC
12530	POC2024120010
12531	CANCEL-EX2501-018
12532	POC25010003
12533	CANCEL-STAR3
12534	POC25090001
12535	CANCEL (ลวดล็อค)
12536	POC26040001
12537	EN2601-007-C
12538	POC26070001
12539	POS26030001
12540	SP2603-001
12541	POS26040001
12542	SP2604-001
12543	POS26040002
12544	SP2604-002
12545	POS26070001
12546	SP2607-001 (CT341)
12547	SP2607-001
12548	POS26070003
12549	SP2607-002
12550	RPO2402-001
12551	R-001
12552	CANCEL-RS2401-001
